season,week,season_type,player_id,team,player_name,player_display_name,position,position_group,headshot_url,fg_made,fg_att,fg_missed,fg_blocked,fg_long,fg_pct,fg_made_0_19,fg_made_20_29,fg_made_30_39,fg_made_40_49,fg_made_50_59,fg_made_60_,fg_missed_0_19,fg_missed_20_29,fg_missed_30_39,fg_missed_40_49,fg_missed_50_59,fg_missed_60_,fg_made_list,fg_missed_list,fg_blocked_list,fg_made_distance,fg_missed_distance,fg_blocked_distance,pat_made,pat_att,pat_missed,pat_blocked,pat_pct,gwfg_att,gwfg_distance,gwfg_made,gwfg_missed,gwfg_blocked
2024,1,REG,00-0023853,ARI,M.Prater,Matt Prater,K,SPEC,"https://static.www.nfl.com/image/upload/f_auto,q_auto/league/mwlrdghrm5chsum2kzic",2,2,0,0,31,1,0,1,1,0,0,0,0,0,0,0,0,0,29;31,,,60,0,0,2,2,0,0,1,0,,,,
2024,2,REG,00-0023853,ARI,M.Prater,Matt Prater,K,SPEC,"https://static.www.nfl.com/image/upload/f_auto,q_auto/league/mwlrdghrm5chsum2kzic",2,2,0,0,57,1,0,0,0,1,1,0,0,0,0,0,0,0,48;57,,,105,0,0,5,5,0,0,1,0,,,,
2024,3,REG,00-0023853,ARI,M.Prater,Matt Prater,K,SPEC,"https://static.www.nfl.com/image/upload/f_auto,q_auto/league/mwlrdghrm5chsum2kzic",2,2,0,0,45,1,0,0,0,2,0,0,0,0,0,0,0,0,42;45,,,87,0,0,1,1,0,0,1,0,,,,
2024,4,REG,00-0023853,ARI,M.Prater,Matt Prater,K,SPEC,"https://static.www.nfl.com/image/upload/f_auto,q_auto/league/mwlrdghrm5chsum2kzic",,0,,,,,,,,,,,,,,,,,,,,,,,2,2,0,0,1,0,,,,
2024,1,REG,00-0025565,TEN,N.Folk,Nick Folk,K,SPEC,"https://static.www.nfl.com/image/upload/f_auto,q_auto/league/tvducq2x22jbvgaob4o1",1,1,0,0,40,1,0,0,0,1,0,0,0,0,0,0,0,0,40,,,40,0,0,2,2,0,0,1,0,,,,
2024,2,REG,00-0025565,TEN,N.Folk,Nick Folk,K,SPEC,"https://static.www.nfl.com/image/upload/f_auto,q_auto/league/tvducq2x22jbvgaob4o1",1,1,0,0,41,1,0,0,0,1,0,0,0,0,0,0,0,0,41,,,41,0,0,2,2,0,0,1,0,,,,
2024,3,REG,00-0025565,TEN,N.Folk,Nick Folk,K,SPEC,"https://static.www.nfl.com/image/upload/f_auto,q_auto/league/tvducq2x22jbvgaob4o1",,0,,,,,,,,,,,,,,,,,,,,,,,2,2,0,0,1,0,,,,
2024,4,REG,00-0025565,TEN,N.Folk,Nick Folk,K,SPEC,"https://static.www.nfl.com/image/upload/f_auto,q_auto/league/tvducq2x22jbvgaob4o1",5,5,0,0,53,1,0,1,0,1,3,0,0,0,0,0,0,0,53;52;47;51;29,,,232,0,0,2,2,0,0,1,0,,,,
2024,6,REG,00-0025565,TEN,N.Folk,Nick Folk,K,SPEC,"https://static.www.nfl.com/image/upload/f_auto,q_auto/league/tvducq2x22jbvgaob4o1",1,1,0,0,44,1,0,0,0,1,0,0,0,0,0,0,0,0,44,,,44,0,0,2,2,0,0,1,0,,,,
2024,7,REG,00-0025565,TEN,N.Folk,Nick Folk,K,SPEC,"https://static.www.nfl.com/image/upload/f_auto,q_auto/league/tvducq2x22jbvgaob4o1",1,1,0,0,25,1,0,1,0,0,0,0,0,0,0,0,0,0,25,,,25,0,0,1,1,0,0,1,0,,,,
2024,8,REG,00-0025565,TEN,N.Folk,Nick Folk,K,SPEC,"https://static.www.nfl.com/image/upload/f_auto,q_auto/league/tvducq2x22jbvgaob4o1",,0,,,,,,,,,,,,,,,,,,,,,,,2,2,0,0,1,0,,,,
2024,9,REG,00-0025565,TEN,N.Folk,Nick Folk,K,SPEC,"https://static.www.nfl.com/image/upload/f_auto,q_auto/league/tvducq2x22jbvgaob4o1",2,2,0,0,25,1,0,2,0,0,0,0,0,0,0,0,0,0,21;25,,,46,0,0,2,2,0,0,1,1,25,1,0,0
2024,10,REG,00-0025565,TEN,N.Folk,Nick Folk,K,SPEC,"https://static.www.nfl.com/image/upload/f_auto,q_auto/league/tvducq2x22jbvgaob4o1",1,2,1,0,27,0.5,0,1,0,0,0,0,0,0,0,1,0,0,27,49,,27,49,0,2,2,0,0,1,0,,,,
2024,11,REG,00-0025565,TEN,N.Folk,Nick Folk,K,SPEC,"https://static.www.nfl.com/image/upload/f_auto,q_auto/league/tvducq2x22jbvgaob4o1",2,2,0,0,43,1,0,0,1,1,0,0,0,0,0,0,0,0,30;43,,,73,0,0,1,1,0,0,1,0,,,,
2024,12,REG,00-0025565,TEN,N.Folk,Nick Folk,K,SPEC,"https://static.www.nfl.com/image/upload/f_auto,q_auto/league/tvducq2x22jbvgaob4o1",3,3,0,0,56,1,0,0,0,0,3,0,0,0,0,0,0,0,51;56;51,,,158,0,0,3,3,0,0,1,0,,,,
2024,1,REG,00-0026858,NYG,G.Gano,Graham Gano,K,SPEC,"https://static.www.nfl.com/image/upload/f_auto,q_auto/league/sarpl2zavybbmmowpkwz",2,2,0,0,50,1,0,1,0,0,1,0,0,0,0,0,0,0,23;50,,,73,0,0,,0,,,,0,,,,
2024,10,REG,00-0026858,NYG,G.Gano,Graham Gano,K,SPEC,"https://static.www.nfl.com/image/upload/f_auto,q_auto/league/sarpl2zavybbmmowpkwz",1,2,1,0,42,0.5,0,0,0,1,0,0,0,0,0,1,0,0,42,43,,42,43,0,2,2,0,0,1,0,,,,
2024,12,REG,00-0026858,NYG,G.Gano,Graham Gano,K,SPEC,"https://static.www.nfl.com/image/upload/f_auto,q_auto/league/sarpl2zavybbmmowpkwz",,0,,,,,,,,,,,,,,,,,,,,,,,1,1,0,0,1,0,,,,
2024,1,REG,00-0029597,BAL,J.Tucker,Justin Tucker,K,SPEC,"https://static.www.nfl.com/image/upload/f_auto,q_auto/league/thawkkxcbyuddwuidgb0",2,3,1,0,32,0.667,0,1,1,0,0,0,0,0,0,0,1,0,25;32,53,,57,53,0,2,2,0,0,1,0,,,,
2024,2,REG,00-0029597,BAL,J.Tucker,Justin Tucker,K,SPEC,"https://static.www.nfl.com/image/upload/f_auto,q_auto/league/thawkkxcbyuddwuidgb0",3,4,1,0,48,0.75,0,0,1,2,0,0,0,0,0,0,1,0,48;42;32,56,,122,56,0,2,2,0,0,1,0,,,,
2024,3,REG,00-0029597,BAL,J.Tucker,Justin Tucker,K,SPEC,"https://static.www.nfl.com/image/upload/f_auto,q_auto/league/thawkkxcbyuddwuidgb0",0,1,1,0,,0,0,0,0,0,0,0,0,0,0,1,0,0,,46,,0,46,0,4,4,0,0,1,0,,,,
2024,4,REG,00-0029597,BAL,J.Tucker,Justin Tucker,K,SPEC,"https://static.www.nfl.com/image/upload/f_auto,q_auto/league/thawkkxcbyuddwuidgb0",,0,,,,,,,,,,,,,,,,,,,,,,,5,5,0,0,1,0,,,,
2024,5,REG,00-0029597,BAL,J.Tucker,Justin Tucker,K,SPEC,"https://static.www.nfl.com/image/upload/f_auto,q_auto/league/thawkkxcbyuddwuidgb0",2,2,0,0,56,1,0,1,0,0,1,0,0,0,0,0,0,0,56;24,,,80,0,0,5,5,0,0,1,1,24,1,0,0
2024,6,REG,00-0029597,BAL,J.Tucker,Justin Tucker,K,SPEC,"https://static.www.nfl.com/image/upload/f_auto,q_auto/league/thawkkxcbyuddwuidgb0",3,3,0,0,45,1,0,0,2,1,0,0,0,0,0,0,0,0,45;32;39,,,116,0,0,3,3,0,0,1,0,,,,
2024,7,REG,00-0029597,BAL,J.Tucker,Justin Tucker,K,SPEC,"https://static.www.nfl.com/image/upload/f_auto,q_auto/league/thawkkxcbyuddwuidgb0",2,2,0,0,52,1,0,1,0,0,1,0,0,0,0,0,0,0,28;52,,,80,0,0,5,5,0,0,1,0,,,,
2024,8,REG,00-0029597,BAL,J.Tucker,Justin Tucker,K,SPEC,"https://static.www.nfl.com/image/upload/f_auto,q_auto/league/thawkkxcbyuddwuidgb0",1,2,1,0,49,0.5,0,0,0,1,0,0,0,0,0,0,1,0,49,50,,49,50,0,3,3,0,0,1,0,,,,
2024,9,REG,00-0029597,BAL,J.Tucker,Justin Tucker,K,SPEC,"https://static.www.nfl.com/image/upload/f_auto,q_auto/league/thawkkxcbyuddwuidgb0",2,2,0,0,37,1,0,0,2,0,0,0,0,0,0,0,0,0,33;37,,,70,0,0,5,5,0,0,1,0,,,,
2024,10,REG,00-0029597,BAL,J.Tucker,Justin Tucker,K,SPEC,"https://static.www.nfl.com/image/upload/f_auto,q_auto/league/thawkkxcbyuddwuidgb0",,0,,,,,,,,,,,,,,,,,,,,,,,3,4,1,0,0.75,0,,,,
2024,11,REG,00-0029597,BAL,J.Tucker,Justin Tucker,K,SPEC,"https://static.www.nfl.com/image/upload/f_auto,q_auto/league/thawkkxcbyuddwuidgb0",1,3,2,0,54,0.333,0,0,0,0,1,0,0,0,0,1,1,0,54,47;50,,54,97,0,1,1,0,0,1,0,,,,
2024,1,REG,00-0029621,NYJ,G.Zuerlein,Greg Zuerlein,K,SPEC,"https://static.www.nfl.com/image/private/f_auto,q_auto/league/gzuks9rryzy90fecvi9l",,0,,,,,,,,,,,,,,,,,,,,,,,1,1,0,0,1,0,,,,
2024,2,REG,00-0029621,NYJ,G.Zuerlein,Greg Zuerlein,K,SPEC,"https://static.www.nfl.com/image/private/f_auto,q_auto/league/gzuks9rryzy90fecvi9l",1,1,0,0,33,1,0,0,1,0,0,0,0,0,0,0,0,0,33,,,33,0,0,3,3,0,0,1,0,,,,
2024,3,REG,00-0029621,NYJ,G.Zuerlein,Greg Zuerlein,K,SPEC,"https://static.www.nfl.com/image/private/f_auto,q_auto/league/gzuks9rryzy90fecvi9l",1,2,1,0,28,0.5,0,1,0,0,0,0,0,0,0,1,0,0,28,45,,28,45,0,3,3,0,0,1,0,,,,
2024,4,REG,00-0029621,NYJ,G.Zuerlein,Greg Zuerlein,K,SPEC,"https://static.www.nfl.com/image/private/f_auto,q_auto/league/gzuks9rryzy90fecvi9l",3,4,1,0,40,0.75,0,1,1,1,0,0,0,0,0,0,1,0,23;35;40,50,,98,50,0,,0,,,,1,50,0,1,0
2024,5,REG,00-0029621,NYJ,G.Zuerlein,Greg Zuerlein,K,SPEC,"https://static.www.nfl.com/image/private/f_auto,q_auto/league/gzuks9rryzy90fecvi9l",1,1,0,0,32,1,0,0,1,0,0,0,0,0,0,0,0,0,32,,,32,0,0,2,2,0,0,1,0,,,,
2024,6,REG,00-0029621,NYJ,G.Zuerlein,Greg Zuerlein,K,SPEC,"https://static.www.nfl.com/image/private/f_auto,q_auto/league/gzuks9rryzy90fecvi9l",2,4,2,0,34,0.5,0,1,1,0,0,0,0,0,1,1,0,0,34;22,32;43,,56,75,0,2,2,0,0,1,0,,,,
2024,7,REG,00-0029621,NYJ,G.Zuerlein,Greg Zuerlein,K,SPEC,"https://static.www.nfl.com/image/private/f_auto,q_auto/league/gzuks9rryzy90fecvi9l",0,1,0,1,,0,0,0,0,0,0,0,0,0,0,0,0,0,,,35,0,0,35,1,1,0,0,1,0,,,,
2024,8,REG,00-0029621,NYJ,G.Zuerlein,Greg Zuerlein,K,SPEC,"https://static.www.nfl.com/image/private/f_auto,q_auto/league/gzuks9rryzy90fecvi9l",1,2,1,0,29,0.5,0,1,0,0,0,0,0,0,0,1,0,0,29,44,,29,44,0,1,2,1,0,0.5,0,,,,
2024,7,REG,00-0029822,GB,B.McManus,Brandon McManus,K,SPEC,"https://static.www.nfl.com/image/upload/f_auto,q_auto/league/nyirqmyiggfysr0df4gd",1,1,0,0,45,1,0,0,0,1,0,0,0,0,0,0,0,0,45,,,45,0,0,3,3,0,0,1,1,45,1,0,0
2024,8,REG,00-0029822,GB,B.McManus,Brandon McManus,K,SPEC,"https://static.www.nfl.com/image/upload/f_auto,q_auto/league/nyirqmyiggfysr0df4gd",3,3,0,0,38,1,0,1,2,0,0,0,0,0,0,0,0,0,31;38;24,,,93,0,0,3,3,0,0,1,1,24,1,0,0
2024,9,REG,00-0029822,GB,B.McManus,Brandon McManus,K,SPEC,"https://static.www.nfl.com/image/upload/f_auto,q_auto/league/nyirqmyiggfysr0df4gd",2,3,1,0,38,0.667,0,0,2,0,0,0,0,0,0,1,0,0,30;38,46,,68,46,0,,0,,,,0,,,,
2024,11,REG,00-0029822,GB,B.McManus,Brandon McManus,K,SPEC,"https://static.www.nfl.com/image/upload/f_auto,q_auto/league/nyirqmyiggfysr0df4gd",,0,,,,,,,,,,,,,,,,,,,,,,,2,2,0,0,1,0,,,,
2024,12,REG,00-0029822,GB,B.McManus,Brandon McManus,K,SPEC,"https://static.www.nfl.com/image/upload/f_auto,q_auto/league/nyirqmyiggfysr0df4gd",1,1,0,0,51,1,0,0,0,0,1,0,0,0,0,0,0,0,51,,,51,0,0,5,5,0,0,1,0,,,,
2024,1,REG,00-0030098,CLE,D.Hopkins,Dustin Hopkins,K,SPEC,"https://static.www.nfl.com/image/upload/f_auto,q_auto/league/b8xhu9uud3finj0x9hpf",1,1,0,0,51,1,0,0,0,0,1,0,0,0,0,0,0,0,51,,,51,0,0,2,2,0,0,1,0,,,,
2024,2,REG,00-0030098,CLE,D.Hopkins,Dustin Hopkins,K,SPEC,"https://static.www.nfl.com/image/upload/f_auto,q_auto/league/b8xhu9uud3finj0x9hpf",3,3,0,0,53,1,0,0,1,1,1,0,0,0,0,0,0,0,53;38;44,,,135,0,0,1,1,0,0,1,0,,,,
2024,3,REG,00-0030098,CLE,D.Hopkins,Dustin Hopkins,K,SPEC,"https://static.www.nfl.com/image/upload/f_auto,q_auto/league/b8xhu9uud3finj0x9hpf",0,1,1,0,,0,0,0,0,0,0,0,0,0,0,0,1,0,,53,,0,53,0,1,1,0,0,1,0,,,,
2024,4,REG,00-0030098,CLE,D.Hopkins,Dustin Hopkins,K,SPEC,"https://static.www.nfl.com/image/upload/f_auto,q_auto/league/b8xhu9uud3finj0x9hpf",1,1,0,0,56,1,0,0,0,0,1,0,0,0,0,0,0,0,56,,,56,0,0,1,2,1,0,0.5,0,,,,
2024,5,REG,00-0030098,CLE,D.Hopkins,Dustin Hopkins,K,SPEC,"https://static.www.nfl.com/image/upload/f_auto,q_auto/league/b8xhu9uud3finj0x9hpf",2,2,0,0,51,1,0,0,1,0,1,0,0,0,0,0,0,0,51;31,,,82,0,0,1,1,0,0,1,0,,,,
2024,6,REG,00-0030098,CLE,D.Hopkins,Dustin Hopkins,K,SPEC,"https://static.www.nfl.com/image/upload/f_auto,q_auto/league/b8xhu9uud3finj0x9hpf",3,4,1,0,49,0.75,0,0,1,2,0,0,0,0,0,0,1,0,43;49;31,52,,123,52,0,1,1,0,0,1,0,,,,
2024,7,REG,00-0030098,CLE,D.Hopkins,Dustin Hopkins,K,SPEC,"https://static.www.nfl.com/image/upload/f_auto,q_auto/league/b8xhu9uud3finj0x9hpf",0,1,1,0,,0,0,0,0,0,0,0,0,0,0,1,0,0,,49,,0,49,0,0,1,1,0,0,0,,,,
2024,8,REG,00-0030098,CLE,D.Hopkins,Dustin Hopkins,K,SPEC,"https://static.www.nfl.com/image/upload/f_auto,q_auto/league/b8xhu9uud3finj0x9hpf",3,3,0,0,48,1,0,1,1,1,0,0,0,0,0,0,0,0,28;33;48,,,109,0,0,2,2,0,0,1,0,,,,
2024,9,REG,00-0030098,CLE,D.Hopkins,Dustin Hopkins,K,SPEC,"https://static.www.nfl.com/image/upload/f_auto,q_auto/league/b8xhu9uud3finj0x9hpf",1,2,0,1,38,0.5,0,0,1,0,0,0,0,0,0,0,0,0,38,,51,38,0,51,1,1,0,0,1,0,,,,
2024,11,REG,00-0030098,CLE,D.Hopkins,Dustin Hopkins,K,SPEC,"https://static.www.nfl.com/image/upload/f_auto,q_auto/league/b8xhu9uud3finj0x9hpf",0,2,2,0,,0,0,0,0,0,0,0,0,1,0,0,1,0,,51;27,,0,78,0,,0,,,,0,,,,
2024,12,REG,00-0030098,CLE,D.Hopkins,Dustin Hopkins,K,SPEC,"https://static.www.nfl.com/image/upload/f_auto,q_auto/league/b8xhu9uud3finj0x9hpf",1,1,0,0,34,1,0,0,1,0,0,0,0,0,0,0,0,0,34,,,34,0,0,1,1,0,0,1,0,,,,
2024,1,REG,00-0031136,PIT,C.Boswell,Chris Boswell,K,SPEC,"https://static.www.nfl.com/image/upload/f_auto,q_auto/league/ivb854ozl9jp39lau99u",6,6,0,0,57,1,0,1,0,2,3,0,0,0,0,0,0,0,57;51;44;56;40;25,,,273,0,0,,0,,,,0,,,,
2024,2,REG,00-0031136,PIT,C.Boswell,Chris Boswell,K,SPEC,"https://static.www.nfl.com/image/upload/f_auto,q_auto/league/ivb854ozl9jp39lau99u",2,2,0,0,53,1,0,1,0,0,1,0,0,0,0,0,0,0,22;53,,,75,0,0,1,1,0,0,1,0,,,,
2024,3,REG,00-0031136,PIT,C.Boswell,Chris Boswell,K,SPEC,"https://static.www.nfl.com/image/upload/f_auto,q_auto/league/ivb854ozl9jp39lau99u",2,3,1,0,38,0.667,0,0,2,0,0,0,0,0,0,0,0,1,38;30,62,,68,62,0,2,2,0,0,1,0,,,,
2024,4,REG,00-0031136,PIT,C.Boswell,Chris Boswell,K,SPEC,"https://static.www.nfl.com/image/upload/f_auto,q_auto/league/ivb854ozl9jp39lau99u",1,1,0,0,50,1,0,0,0,0,1,0,0,0,0,0,0,0,50,,,50,0,0,3,3,0,0,1,0,,,,
2024,5,REG,00-0031136,PIT,C.Boswell,Chris Boswell,K,SPEC,"https://static.www.nfl.com/image/upload/f_auto,q_auto/league/ivb854ozl9jp39lau99u",1,1,0,0,41,1,0,0,0,1,0,0,0,0,0,0,0,0,41,,,41,0,0,2,2,0,0,1,0,,,,
2024,6,REG,00-0031136,PIT,C.Boswell,Chris Boswell,K,SPEC,"https://static.www.nfl.com/image/upload/f_auto,q_auto/league/ivb854ozl9jp39lau99u",4,4,0,0,52,1,0,0,2,1,1,0,0,0,0,0,0,0,52;49;37;36,,,174,0,0,2,2,0,0,1,0,,,,
2024,7,REG,00-0031136,PIT,C.Boswell,Chris Boswell,K,SPEC,"https://static.www.nfl.com/image/upload/f_auto,q_auto/league/ivb854ozl9jp39lau99u",3,3,0,0,46,1,0,2,0,1,0,0,0,0,0,0,0,0,46;29;21,,,96,0,0,4,4,0,0,1,0,,,,
2024,8,REG,00-0031136,PIT,C.Boswell,Chris Boswell,K,SPEC,"https://static.www.nfl.com/image/upload/f_auto,q_auto/league/ivb854ozl9jp39lau99u",4,4,0,0,31,1,0,3,1,0,0,0,0,0,0,0,0,0,31;25;27;27,,,110,0,0,2,2,0,0,1,0,,,,
2024,10,REG,00-0031136,PIT,C.Boswell,Chris Boswell,K,SPEC,"https://static.www.nfl.com/image/upload/f_auto,q_auto/league/ivb854ozl9jp39lau99u",,0,,,,,,,,,,,,,,,,,,,,,,,4,4,0,0,1,0,,,,
2024,11,REG,00-0031136,PIT,C.Boswell,Chris Boswell,K,SPEC,"https://static.www.nfl.com/image/upload/f_auto,q_auto/league/ivb854ozl9jp39lau99u",6,6,0,0,57,1,0,1,2,0,3,0,0,0,0,0,0,0,32;52;32;57;27;50,,,250,0,0,,0,,,,0,,,,
2024,12,REG,00-0031136,PIT,C.Boswell,Chris Boswell,K,SPEC,"https://static.www.nfl.com/image/upload/f_auto,q_auto/league/ivb854ozl9jp39lau99u",2,3,1,0,48,0.667,0,1,0,1,0,0,0,0,0,0,1,0,48;28,58,,76,58,0,1,1,0,0,1,0,,,,
2024,1,REG,00-0031203,CHI,C.Santos,Cairo Santos,K,SPEC,"https://static.www.nfl.com/image/upload/f_auto,q_auto/league/njxxbexsrepazoygyrpp",3,3,0,0,50,1,0,1,0,1,1,0,0,0,0,0,0,0,24;50;48,,,122,0,0,1,1,0,0,1,0,,,,
2024,2,REG,00-0031203,CHI,C.Santos,Cairo Santos,K,SPEC,"https://static.www.nfl.com/image/upload/f_auto,q_auto/league/njxxbexsrepazoygyrpp",2,2,0,0,54,1,0,0,0,0,2,0,0,0,0,0,0,0,53;54,,,107,0,0,1,1,0,0,1,0,,,,
2024,3,REG,00-0031203,CHI,C.Santos,Cairo Santos,K,SPEC,"https://static.www.nfl.com/image/upload/f_auto,q_auto/league/njxxbexsrepazoygyrpp",1,2,1,0,53,0.5,0,0,0,0,1,0,0,0,0,0,1,0,53,56,,53,56,0,1,1,0,0,1,0,,,,
2024,4,REG,00-0031203,CHI,C.Santos,Cairo Santos,K,SPEC,"https://static.www.nfl.com/image/upload/f_auto,q_auto/league/njxxbexsrepazoygyrpp",1,1,0,0,40,1,0,0,0,1,0,0,0,0,0,0,0,0,40,,,40,0,0,3,3,0,0,1,0,,,,
2024,5,REG,00-0031203,CHI,C.Santos,Cairo Santos,K,SPEC,"https://static.www.nfl.com/image/upload/f_auto,q_auto/league/njxxbexsrepazoygyrpp",1,1,0,0,33,1,0,0,1,0,0,0,0,0,0,0,0,0,33,,,33,0,0,3,4,1,0,0.75,0,,,,
2024,6,REG,00-0031203,CHI,C.Santos,Cairo Santos,K,SPEC,"https://static.www.nfl.com/image/upload/f_auto,q_auto/league/njxxbexsrepazoygyrpp",0,1,0,1,,0,0,0,0,0,0,0,0,0,0,0,0,0,,,43,0,0,43,5,5,0,0,1,0,,,,
2024,8,REG,00-0031203,CHI,C.Santos,Cairo Santos,K,SPEC,"https://static.www.nfl.com/image/upload/f_auto,q_auto/league/njxxbexsrepazoygyrpp",,0,,,,,,,,,,,,,,,,,,,,,,,1,1,0,0,1,0,,,,
2024,9,REG,00-0031203,CHI,C.Santos,Cairo Santos,K,SPEC,"https://static.www.nfl.com/image/upload/f_auto,q_auto/league/njxxbexsrepazoygyrpp",3,3,0,0,53,1,0,1,0,0,2,0,0,0,0,0,0,0,29;53;53,,,135,0,0,,0,,,,0,,,,
2024,10,REG,00-0031203,CHI,C.Santos,Cairo Santos,K,SPEC,"https://static.www.nfl.com/image/upload/f_auto,q_auto/league/njxxbexsrepazoygyrpp",1,1,0,0,33,1,0,0,1,0,0,0,0,0,0,0,0,0,33,,,33,0,0,,0,,,,0,,,,
2024,11,REG,00-0031203,CHI,C.Santos,Cairo Santos,K,SPEC,"https://static.www.nfl.com/image/upload/f_auto,q_auto/league/njxxbexsrepazoygyrpp",2,3,0,1,53,0.667,0,1,0,0,1,0,0,0,0,0,0,0,53;27,,46,80,0,46,1,1,0,0,1,1,46,0,0,1
2024,12,REG,00-0031203,CHI,C.Santos,Cairo Santos,K,SPEC,"https://static.www.nfl.com/image/upload/f_auto,q_auto/league/njxxbexsrepazoygyrpp",2,3,0,1,49,0.667,0,0,0,2,0,0,0,0,0,0,0,0,49;48,,48,97,0,48,1,1,0,0,1,0,,,,
2024,1,REG,00-0031492,SEA,J.Myers,Jason Myers,K,SPEC,"https://static.www.nfl.com/image/private/f_auto,q_auto/league/stwynn6h56nuzznkiaqh",2,2,0,0,50,1,0,1,0,0,1,0,0,0,0,0,0,0,50;28,,,78,0,0,2,2,0,0,1,0,,,,
2024,2,REG,00-0031492,SEA,J.Myers,Jason Myers,K,SPEC,"https://static.www.nfl.com/image/private/f_auto,q_auto/league/stwynn6h56nuzznkiaqh",3,3,0,0,44,1,0,0,2,1,0,0,0,0,0,0,0,0,44;38;31,,,113,0,0,2,2,0,0,1,1,31,1,0,0
2024,3,REG,00-0031492,SEA,J.Myers,Jason Myers,K,SPEC,"https://static.www.nfl.com/image/private/f_auto,q_auto/league/stwynn6h56nuzznkiaqh",1,2,1,0,56,0.5,0,0,0,0,1,0,0,0,0,0,1,0,56,53,,56,53,0,3,3,0,0,1,0,,,,
2024,4,REG,00-0031492,SEA,J.Myers,Jason Myers,K,SPEC,"https://static.www.nfl.com/image/private/f_auto,q_auto/league/stwynn6h56nuzznkiaqh",0,1,1,0,,0,0,0,0,0,0,0,0,0,0,0,0,1,,62,,0,62,0,3,3,0,0,1,0,,,,
2024,5,REG,00-0031492,SEA,J.Myers,Jason Myers,K,SPEC,"https://static.www.nfl.com/image/private/f_auto,q_auto/league/stwynn6h56nuzznkiaqh",2,3,0,1,48,0.667,0,0,0,2,0,0,0,0,0,0,0,0,43;48,,47,91,0,47,2,2,0,0,1,0,,,,
2024,6,REG,00-0031492,SEA,J.Myers,Jason Myers,K,SPEC,"https://static.www.nfl.com/image/private/f_auto,q_auto/league/stwynn6h56nuzznkiaqh",1,1,0,0,20,1,0,1,0,0,0,0,0,0,0,0,0,0,20,,,20,0,0,3,3,0,0,1,0,,,,
2024,7,REG,00-0031492,SEA,J.Myers,Jason Myers,K,SPEC,"https://static.www.nfl.com/image/private/f_auto,q_auto/league/stwynn6h56nuzznkiaqh",2,2,0,0,59,1,0,0,1,0,1,0,0,0,0,0,0,0,38;59,,,97,0,0,4,4,0,0,1,0,,,,
2024,8,REG,00-0031492,SEA,J.Myers,Jason Myers,K,SPEC,"https://static.www.nfl.com/image/private/f_auto,q_auto/league/stwynn6h56nuzznkiaqh",1,1,0,0,38,1,0,0,1,0,0,0,0,0,0,0,0,0,38,,,38,0,0,1,1,0,0,1,0,,,,
2024,9,REG,00-0031492,SEA,J.Myers,Jason Myers,K,SPEC,"https://static.www.nfl.com/image/private/f_auto,q_auto/league/stwynn6h56nuzznkiaqh",,0,,,,,,,,,,,,,,,,,,,,,,,2,3,0,1,0.667,0,,,,
2024,11,REG,00-0031492,SEA,J.Myers,Jason Myers,K,SPEC,"https://static.www.nfl.com/image/private/f_auto,q_auto/league/stwynn6h56nuzznkiaqh",2,2,0,0,57,1,0,0,0,0,2,0,0,0,0,0,0,0,52;57,,,109,0,0,2,2,0,0,1,0,,,,
2024,12,REG,00-0031492,SEA,J.Myers,Jason Myers,K,SPEC,"https://static.www.nfl.com/image/private/f_auto,q_auto/league/stwynn6h56nuzznkiaqh",1,1,0,0,50,1,0,0,0,0,1,0,0,0,0,0,0,0,50,,,50,0,0,1,2,1,0,0.5,0,,,,
2024,1,REG,00-0032569,DEN,W.Lutz,Wil Lutz,K,SPEC,"https://static.www.nfl.com/image/upload/f_auto,q_auto/league/o99huensfz7qwnygonyg",3,3,0,0,45,1,0,0,2,1,0,0,0,0,0,0,0,0,35;30;45,,,110,0,0,1,1,0,0,1,0,,,,
2024,2,REG,00-0032569,DEN,W.Lutz,Wil Lutz,K,SPEC,"https://static.www.nfl.com/image/upload/f_auto,q_auto/league/o99huensfz7qwnygonyg",2,2,0,0,35,1,0,1,1,0,0,0,0,0,0,0,0,0,35;29,,,64,0,0,,0,,,,0,,,,
2024,3,REG,00-0032569,DEN,W.Lutz,Wil Lutz,K,SPEC,"https://static.www.nfl.com/image/upload/f_auto,q_auto/league/o99huensfz7qwnygonyg",4,4,0,0,43,1,0,0,2,2,0,0,0,0,0,0,0,0,43;38;33;43,,,157,0,0,2,2,0,0,1,0,,,,
2024,4,REG,00-0032569,DEN,W.Lutz,Wil Lutz,K,SPEC,"https://static.www.nfl.com/image/upload/f_auto,q_auto/league/o99huensfz7qwnygonyg",1,2,1,0,47,0.5,0,0,0,1,0,0,0,0,0,0,1,0,47,50,,47,50,0,1,1,0,0,1,0,,,,
2024,5,REG,00-0032569,DEN,W.Lutz,Wil Lutz,K,SPEC,"https://static.www.nfl.com/image/upload/f_auto,q_auto/league/o99huensfz7qwnygonyg",2,2,0,0,51,1,0,0,0,1,1,0,0,0,0,0,0,0,51;44,,,95,0,0,4,4,0,0,1,0,,,,
2024,6,REG,00-0032569,DEN,W.Lutz,Wil Lutz,K,SPEC,"https://static.www.nfl.com/image/upload/f_auto,q_auto/league/o99huensfz7qwnygonyg",1,1,0,0,40,1,0,0,0,1,0,0,0,0,0,0,0,0,40,,,40,0,0,1,1,0,0,1,0,,,,
2024,7,REG,00-0032569,DEN,W.Lutz,Wil Lutz,K,SPEC,"https://static.www.nfl.com/image/upload/f_auto,q_auto/league/o99huensfz7qwnygonyg",4,4,0,0,52,1,0,0,2,1,1,0,0,0,0,0,0,0,46;32;52;38,,,168,0,0,3,3,0,0,1,0,,,,
2024,8,REG,00-0032569,DEN,W.Lutz,Wil Lutz,K,SPEC,"https://static.www.nfl.com/image/upload/f_auto,q_auto/league/o99huensfz7qwnygonyg",,0,,,,,,,,,,,,,,,,,,,,,,,4,4,0,0,1,0,,,,
2024,9,REG,00-0032569,DEN,W.Lutz,Wil Lutz,K,SPEC,"https://static.www.nfl.com/image/upload/f_auto,q_auto/league/o99huensfz7qwnygonyg",1,1,0,0,37,1,0,0,1,0,0,0,0,0,0,0,0,0,37,,,37,0,0,1,1,0,0,1,0,,,,
2024,10,REG,00-0032569,DEN,W.Lutz,Wil Lutz,K,SPEC,"https://static.www.nfl.com/image/upload/f_auto,q_auto/league/o99huensfz7qwnygonyg",0,2,1,1,,0,0,0,0,0,0,0,0,0,0,0,0,1,,60,35,0,60,35,2,2,0,0,1,1,35,0,0,1
2024,11,REG,00-0032569,DEN,W.Lutz,Wil Lutz,K,SPEC,"https://static.www.nfl.com/image/upload/f_auto,q_auto/league/o99huensfz7qwnygonyg",1,1,0,0,45,1,0,0,0,1,0,0,0,0,0,0,0,0,45,,,45,0,0,5,5,0,0,1,0,,,,
2024,12,REG,00-0032569,DEN,W.Lutz,Wil Lutz,K,SPEC,"https://static.www.nfl.com/image/upload/f_auto,q_auto/league/o99huensfz7qwnygonyg",5,5,0,0,54,1,0,0,2,1,2,0,0,0,0,0,0,0,38;53;54;45;33,,,223,0,0,2,2,0,0,1,0,,,,
2024,1,REG,00-0032726,HOU,K.Fairbairn,Ka'imi Fairbairn,K,SPEC,"https://static.www.nfl.com/image/upload/f_auto,q_auto/league/d14gkuipphr97tzmprpv",3,3,0,0,51,1,0,0,0,0,3,0,0,0,0,0,0,0,51;50;51,,,152,0,0,2,2,0,0,1,0,,,,
2024,2,REG,00-0032726,HOU,K.Fairbairn,Ka'imi Fairbairn,K,SPEC,"https://static.www.nfl.com/image/upload/f_auto,q_auto/league/d14gkuipphr97tzmprpv",4,4,0,0,59,1,0,0,0,1,3,0,0,0,0,0,0,0,56;47;59;53,,,215,0,0,1,1,0,0,1,0,,,,
2024,3,REG,00-0032726,HOU,K.Fairbairn,Ka'imi Fairbairn,K,SPEC,"https://static.www.nfl.com/image/upload/f_auto,q_auto/league/d14gkuipphr97tzmprpv",0,1,1,0,,0,0,0,0,0,0,0,0,0,0,0,1,0,,54,,0,54,0,1,1,0,0,1,0,,,,
2024,4,REG,00-0032726,HOU,K.Fairbairn,Ka'imi Fairbairn,K,SPEC,"https://static.www.nfl.com/image/upload/f_auto,q_auto/league/d14gkuipphr97tzmprpv",1,1,0,0,30,1,0,0,1,0,0,0,0,0,0,0,0,0,30,,,30,0,0,3,3,0,0,1,0,,,,
2024,5,REG,00-0032726,HOU,K.Fairbairn,Ka'imi Fairbairn,K,SPEC,"https://static.www.nfl.com/image/upload/f_auto,q_auto/league/d14gkuipphr97tzmprpv",3,3,0,0,59,1,0,0,0,1,2,0,0,0,0,0,0,0,50;47;59,,,156,0,0,2,2,0,0,1,1,59,1,0,0
2024,6,REG,00-0032726,HOU,K.Fairbairn,Ka'imi Fairbairn,K,SPEC,"https://static.www.nfl.com/image/upload/f_auto,q_auto/league/d14gkuipphr97tzmprpv",2,3,1,0,46,0.667,0,0,1,1,0,0,0,0,0,1,0,0,39;46,40,,85,40,0,5,5,0,0,1,0,,,,
2024,7,REG,00-0032726,HOU,K.Fairbairn,Ka'imi Fairbairn,K,SPEC,"https://static.www.nfl.com/image/upload/f_auto,q_auto/league/d14gkuipphr97tzmprpv",3,3,0,0,52,1,0,1,1,0,1,0,0,0,0,0,0,0,23;52;35,,,110,0,0,1,1,0,0,1,1,35,1,0,0
2024,8,REG,00-0032726,HOU,K.Fairbairn,Ka'imi Fairbairn,K,SPEC,"https://static.www.nfl.com/image/upload/f_auto,q_auto/league/d14gkuipphr97tzmprpv",3,3,0,0,35,1,0,0,3,0,0,0,0,0,0,0,0,0,35;35;34,,,104,0,0,2,2,0,0,1,0,,,,
2024,9,REG,00-0032726,HOU,K.Fairbairn,Ka'imi Fairbairn,K,SPEC,"https://static.www.nfl.com/image/upload/f_auto,q_auto/league/d14gkuipphr97tzmprpv",2,4,2,0,54,0.5,0,1,0,0,1,0,0,1,0,0,1,0,54;29,56;27,,83,83,0,1,1,0,0,1,0,,,,
2024,10,REG,00-0032726,HOU,K.Fairbairn,Ka'imi Fairbairn,K,SPEC,"https://static.www.nfl.com/image/upload/f_auto,q_auto/league/d14gkuipphr97tzmprpv",3,4,1,0,56,0.75,0,1,1,0,1,0,0,0,0,0,1,0,34;56;29,58,,119,58,0,2,2,0,0,1,1,58,0,1,0
2024,11,REG,00-0032726,HOU,K.Fairbairn,Ka'imi Fairbairn,K,SPEC,"https://static.www.nfl.com/image/upload/f_auto,q_auto/league/d14gkuipphr97tzmprpv",2,2,0,0,33,1,0,1,1,0,0,0,0,0,0,0,0,0,33;29,,,62,0,0,4,4,0,0,1,0,,,,
2024,12,REG,00-0032726,HOU,K.Fairbairn,Ka'imi Fairbairn,K,SPEC,"https://static.www.nfl.com/image/upload/f_auto,q_auto/league/d14gkuipphr97tzmprpv",2,3,1,0,54,0.667,0,1,0,0,1,0,0,1,0,0,0,0,28;54,28,,82,28,0,3,3,0,0,1,0,,,,
2024,1,REG,00-0033303,KC,H.Butker,Harrison Butker,K,SPEC,"https://static.www.nfl.com/image/upload/f_auto,q_auto/league/nx9u4wjcqwu8qojmtjkf",2,2,0,0,32,1,0,0,2,0,0,0,0,0,0,0,0,0,32;31,,,63,0,0,3,3,0,0,1,0,,,,
2024,2,REG,00-0033303,KC,H.Butker,Harrison Butker,K,SPEC,"https://static.www.nfl.com/image/upload/f_auto,q_auto/league/nx9u4wjcqwu8qojmtjkf",2,2,0,0,51,1,1,0,0,0,1,0,0,0,0,0,0,0,19;51,,,70,0,0,2,2,0,0,1,1,51,1,0,0
2024,3,REG,00-0033303,KC,H.Butker,Harrison Butker,K,SPEC,"https://static.www.nfl.com/image/upload/f_auto,q_auto/league/nx9u4wjcqwu8qojmtjkf",3,3,0,0,53,1,0,1,0,1,1,0,0,0,0,0,0,0,53;44;21,,,118,0,0,1,2,1,0,0.5,0,,,,
2024,4,REG,00-0033303,KC,H.Butker,Harrison Butker,K,SPEC,"https://static.www.nfl.com/image/upload/f_auto,q_auto/league/nx9u4wjcqwu8qojmtjkf",1,2,1,0,37,0.5,0,0,1,0,0,0,0,0,0,0,0,1,37,65,,37,65,0,2,2,0,0,1,0,,,,
2024,5,REG,00-0033303,KC,H.Butker,Harrison Butker,K,SPEC,"https://static.www.nfl.com/image/upload/f_auto,q_auto/league/nx9u4wjcqwu8qojmtjkf",4,5,1,0,38,0.8,0,2,2,0,0,0,0,0,0,0,1,0,26;34;28;38,51,,126,51,0,2,2,0,0,1,0,,,,
2024,7,REG,00-0033303,KC,H.Butker,Harrison Butker,K,SPEC,"https://static.www.nfl.com/image/upload/f_auto,q_auto/league/nx9u4wjcqwu8qojmtjkf",,0,,,,,,,,,,,,,,,,,,,,,,,4,4,0,0,1,0,,,,
2024,8,REG,00-0033303,KC,H.Butker,Harrison Butker,K,SPEC,"https://static.www.nfl.com/image/upload/f_auto,q_auto/league/nx9u4wjcqwu8qojmtjkf",2,2,0,0,42,1,0,1,0,1,0,0,0,0,0,0,0,0,42;24,,,66,0,0,3,3,0,0,1,0,,,,
2024,9,REG,00-0033303,KC,H.Butker,Harrison Butker,K,SPEC,"https://static.www.nfl.com/image/upload/f_auto,q_auto/league/nx9u4wjcqwu8qojmtjkf",1,1,0,0,40,1,0,0,0,1,0,0,0,0,0,0,0,0,40,,,40,0,0,3,3,0,0,1,0,,,,
2024,10,REG,00-0033303,KC,H.Butker,Harrison Butker,K,SPEC,"https://static.www.nfl.com/image/upload/f_auto,q_auto/league/nx9u4wjcqwu8qojmtjkf",3,3,0,0,36,1,0,2,1,0,0,0,0,0,0,0,0,0,36;28;20,,,84,0,0,1,1,0,0,1,1,20,1,0,0
2024,1,REG,00-0033702,ATL,Y.Koo,Younghoe Koo,K,SPEC,"https://static.www.nfl.com/image/upload/f_auto,q_auto/league/j70hqvbaerk5ft50appk",1,1,0,0,24,1,0,1,0,0,0,0,0,0,0,0,0,0,24,,,24,0,0,1,1,0,0,1,0,,,,
2024,2,REG,00-0033702,ATL,Y.Koo,Younghoe Koo,K,SPEC,"https://static.www.nfl.com/image/upload/f_auto,q_auto/league/j70hqvbaerk5ft50appk",3,3,0,0,39,1,0,1,2,0,0,0,0,0,0,0,0,0,39;22;34,,,95,0,0,1,1,0,0,1,0,,,,
2024,3,REG,00-0033702,ATL,Y.Koo,Younghoe Koo,K,SPEC,"https://static.www.nfl.com/image/upload/f_auto,q_auto/league/j70hqvbaerk5ft50appk",1,1,0,0,54,1,0,0,0,0,1,0,0,0,0,0,0,0,54,,,54,0,0,2,2,0,0,1,0,,,,
2024,4,REG,00-0033702,ATL,Y.Koo,Younghoe Koo,K,SPEC,"https://static.www.nfl.com/image/upload/f_auto,q_auto/league/j70hqvbaerk5ft50appk",4,4,0,0,58,1,0,0,0,2,2,0,0,0,0,0,0,0,53;44;42;58,,,197,0,0,2,2,0,0,1,1,58,1,0,0
2024,5,REG,00-0033702,ATL,Y.Koo,Younghoe Koo,K,SPEC,"https://static.www.nfl.com/image/upload/f_auto,q_auto/league/j70hqvbaerk5ft50appk",3,5,1,1,54,0.6,0,0,0,1,2,0,0,0,0,1,0,0,54;48;52,41,54,154,41,54,3,3,0,0,1,0,,,,
2024,6,REG,00-0033702,ATL,Y.Koo,Younghoe Koo,K,SPEC,"https://static.www.nfl.com/image/upload/f_auto,q_auto/league/j70hqvbaerk5ft50appk",3,3,0,0,35,1,0,1,2,0,0,0,0,0,0,0,0,0,21;31;35,,,87,0,0,3,3,0,0,1,0,,,,
2024,7,REG,00-0033702,ATL,Y.Koo,Younghoe Koo,K,SPEC,"https://static.www.nfl.com/image/upload/f_auto,q_auto/league/j70hqvbaerk5ft50appk",0,1,1,0,,0,0,0,0,0,0,0,0,0,0,0,1,0,,54,,0,54,0,2,2,0,0,1,0,,,,
2024,8,REG,00-0033702,ATL,Y.Koo,Younghoe Koo,K,SPEC,"https://static.www.nfl.com/image/upload/f_auto,q_auto/league/j70hqvbaerk5ft50appk",1,2,1,0,39,0.5,0,0,1,0,0,0,0,0,0,1,0,0,39,46,,39,46,0,4,4,0,0,1,0,,,,
2024,9,REG,00-0033702,ATL,Y.Koo,Younghoe Koo,K,SPEC,"https://static.www.nfl.com/image/upload/f_auto,q_auto/league/j70hqvbaerk5ft50appk",,0,,,,,,,,,,,,,,,,,,,,,,,3,3,0,0,1,0,,,,
2024,10,REG,00-0033702,ATL,Y.Koo,Younghoe Koo,K,SPEC,"https://static.www.nfl.com/image/upload/f_auto,q_auto/league/j70hqvbaerk5ft50appk",1,4,2,1,27,0.25,0,1,0,0,0,0,0,0,0,1,1,0,27,53;46,35,27,99,35,2,2,0,0,1,0,,,,
2024,11,REG,00-0033702,ATL,Y.Koo,Younghoe Koo,K,SPEC,"https://static.www.nfl.com/image/upload/f_auto,q_auto/league/j70hqvbaerk5ft50appk",2,2,0,0,51,1,0,0,0,1,1,0,0,0,0,0,0,0,41;51,,,92,0,0,,0,,,,0,,,,
2024,1,REG,00-0033787,PHI,J.Elliott,Jake Elliott,K,SPEC,"https://static.www.nfl.com/image/upload/f_auto,q_auto/league/i8ukmvghlwc2to4up8zp",2,2,0,0,38,1,0,1,1,0,0,0,0,0,0,0,0,0,38;21,,,59,0,0,4,4,0,0,1,0,,,,
2024,2,REG,00-0033787,PHI,J.Elliott,Jake Elliott,K,SPEC,"https://static.www.nfl.com/image/upload/f_auto,q_auto/league/i8ukmvghlwc2to4up8zp",2,2,0,0,29,1,0,2,0,0,0,0,0,0,0,0,0,0,29;28,,,57,0,0,1,1,0,0,1,0,,,,
2024,3,REG,00-0033787,PHI,J.Elliott,Jake Elliott,K,SPEC,"https://static.www.nfl.com/image/upload/f_auto,q_auto/league/i8ukmvghlwc2to4up8zp",0,1,1,0,,0,0,0,0,0,0,0,0,0,0,0,0,1,,60,,0,60,0,1,1,0,0,1,0,,,,
2024,4,REG,00-0033787,PHI,J.Elliott,Jake Elliott,K,SPEC,"https://static.www.nfl.com/image/upload/f_auto,q_auto/league/i8ukmvghlwc2to4up8zp",,0,,,,,,,,,,,,,,,,,,,,,,,2,2,0,0,1,0,,,,
2024,6,REG,00-0033787,PHI,J.Elliott,Jake Elliott,K,SPEC,"https://static.www.nfl.com/image/upload/f_auto,q_auto/league/i8ukmvghlwc2to4up8zp",2,3,0,1,49,0.667,0,0,0,2,0,0,0,0,0,0,0,0,49;44,,57,93,0,57,2,2,0,0,1,0,,,,
2024,7,REG,00-0033787,PHI,J.Elliott,Jake Elliott,K,SPEC,"https://static.www.nfl.com/image/upload/f_auto,q_auto/league/i8ukmvghlwc2to4up8zp",,0,,,,,,,,,,,,,,,,,,,,,,,4,4,0,0,1,0,,,,
2024,8,REG,00-0033787,PHI,J.Elliott,Jake Elliott,K,SPEC,"https://static.www.nfl.com/image/upload/f_auto,q_auto/league/i8ukmvghlwc2to4up8zp",3,3,0,0,49,1,0,0,1,2,0,0,0,0,0,0,0,0,39;49;47,,,135,0,0,4,4,0,0,1,0,,,,
2024,9,REG,00-0033787,PHI,J.Elliott,Jake Elliott,K,SPEC,"https://static.www.nfl.com/image/upload/f_auto,q_auto/league/i8ukmvghlwc2to4up8zp",1,2,1,0,43,0.5,0,0,0,1,0,0,0,0,0,0,1,0,43,57,,43,57,0,1,1,0,0,1,0,,,,
2024,10,REG,00-0033787,PHI,J.Elliott,Jake Elliott,K,SPEC,"https://static.www.nfl.com/image/upload/f_auto,q_auto/league/i8ukmvghlwc2to4up8zp",2,2,0,0,39,1,0,0,2,0,0,0,0,0,0,0,0,0,39;38,,,77,0,0,4,4,0,0,1,0,,,,
2024,11,REG,00-0033787,PHI,J.Elliott,Jake Elliott,K,SPEC,"https://static.www.nfl.com/image/upload/f_auto,q_auto/league/i8ukmvghlwc2to4up8zp",2,4,2,0,31,0.5,0,1,1,0,0,0,0,0,0,1,1,0,21;31,44;51,,52,95,0,2,3,1,0,0.667,0,,,,
2024,12,REG,00-0033787,PHI,J.Elliott,Jake Elliott,K,SPEC,"https://static.www.nfl.com/image/upload/f_auto,q_auto/league/i8ukmvghlwc2to4up8zp",3,3,0,0,31,1,0,2,1,0,0,0,0,0,0,0,0,0,21;31;26,,,78,0,0,4,4,0,0,1,0,,,,
2024,10,REG,00-0033862,WAS,Z.Gonzalez,Zane Gonzalez,K,SPEC,"https://static.www.nfl.com/image/private/f_auto,q_auto/league/nakwlogvi2qucsdu69wr",2,2,0,0,48,1,0,0,0,2,0,0,0,0,0,0,0,0,48;41,,,89,0,0,3,3,0,0,1,0,,,,
2024,11,REG,00-0033862,WAS,Z.Gonzalez,Zane Gonzalez,K,SPEC,"https://static.www.nfl.com/image/private/f_auto,q_auto/league/nakwlogvi2qucsdu69wr",1,1,0,0,45,1,0,0,0,1,0,0,0,0,0,0,0,0,45,,,45,0,0,1,1,0,0,1,0,,,,
2024,1,REG,00-0034161,LV,D.Carlson,Daniel Carlson,K,SPEC,"https://static.www.nfl.com/image/upload/f_auto,q_auto/league/hmi2uz3snvfcxgfrsv5j",1,2,1,0,32,0.5,0,0,1,0,0,0,0,0,0,1,0,0,32,49,,32,49,0,1,1,0,0,1,0,,,,
2024,2,REG,00-0034161,LV,D.Carlson,Daniel Carlson,K,SPEC,"https://static.www.nfl.com/image/upload/f_auto,q_auto/league/hmi2uz3snvfcxgfrsv5j",4,4,0,0,53,1,0,1,1,0,2,0,0,0,0,0,0,0,53;51;25;38,,,167,0,0,2,2,0,0,1,1,38,1,0,0
2024,3,REG,00-0034161,LV,D.Carlson,Daniel Carlson,K,SPEC,"https://static.www.nfl.com/image/upload/f_auto,q_auto/league/hmi2uz3snvfcxgfrsv5j",0,1,1,0,,0,0,0,0,0,0,0,0,0,0,0,1,0,,57,,0,57,0,2,2,0,0,1,0,,,,
2024,4,REG,00-0034161,LV,D.Carlson,Daniel Carlson,K,SPEC,"https://static.www.nfl.com/image/upload/f_auto,q_auto/league/hmi2uz3snvfcxgfrsv5j",2,2,0,0,52,1,0,0,1,0,1,0,0,0,0,0,0,0,52;34,,,86,0,0,2,2,0,0,1,0,,,,
2024,5,REG,00-0034161,LV,D.Carlson,Daniel Carlson,K,SPEC,"https://static.www.nfl.com/image/upload/f_auto,q_auto/league/hmi2uz3snvfcxgfrsv5j",1,1,0,0,40,1,0,0,0,1,0,0,0,0,0,0,0,0,40,,,40,0,0,1,1,0,0,1,0,,,,
2024,6,REG,00-0034161,LV,D.Carlson,Daniel Carlson,K,SPEC,"https://static.www.nfl.com/image/upload/f_auto,q_auto/league/hmi2uz3snvfcxgfrsv5j",,0,,,,,,,,,,,,,,,,,,,,,,,1,1,0,0,1,0,,,,
2024,7,REG,00-0034161,LV,D.Carlson,Daniel Carlson,K,SPEC,"https://static.www.nfl.com/image/upload/f_auto,q_auto/league/hmi2uz3snvfcxgfrsv5j",5,5,0,0,47,1,0,2,2,1,0,0,0,0,0,0,0,0,38;47;38;27;27,,,177,0,0,,0,,,,0,,,,
2024,8,REG,00-0034161,LV,D.Carlson,Daniel Carlson,K,SPEC,"https://static.www.nfl.com/image/upload/f_auto,q_auto/league/hmi2uz3snvfcxgfrsv5j",2,2,0,0,54,1,0,0,1,0,1,0,0,0,0,0,0,0,54;32,,,86,0,0,2,2,0,0,1,0,,,,
2024,9,REG,00-0034161,LV,D.Carlson,Daniel Carlson,K,SPEC,"https://static.www.nfl.com/image/upload/f_auto,q_auto/league/hmi2uz3snvfcxgfrsv5j",1,1,0,0,46,1,0,0,0,1,0,0,0,0,0,0,0,0,46,,,46,0,0,3,3,0,0,1,0,,,,
2024,11,REG,00-0034161,LV,D.Carlson,Daniel Carlson,K,SPEC,"https://static.www.nfl.com/image/upload/f_auto,q_auto/league/hmi2uz3snvfcxgfrsv5j",2,2,0,0,27,1,0,2,0,0,0,0,0,0,0,0,0,0,27;22,,,49,0,0,1,1,0,0,1,0,,,,
2024,12,REG,00-0034161,LV,D.Carlson,Daniel Carlson,K,SPEC,"https://static.www.nfl.com/image/upload/f_auto,q_auto/league/hmi2uz3snvfcxgfrsv5j",4,4,0,0,53,1,0,1,2,0,1,0,0,0,0,0,0,0,34;34;53;22,,,143,0,0,1,1,0,0,1,0,,,,
2024,1,REG,00-0034173,CAR,E.Pineiro,Eddy Pineiro,K,SPEC,"https://static.www.nfl.com/image/upload/f_auto,q_auto/league/ybta3otz713o8xykkwjc",1,1,0,0,43,1,0,0,0,1,0,0,0,0,0,0,0,0,43,,,43,0,0,1,1,0,0,1,0,,,,
2024,2,REG,00-0034173,CAR,E.Pineiro,Eddy Pineiro,K,SPEC,"https://static.www.nfl.com/image/upload/f_auto,q_auto/league/ybta3otz713o8xykkwjc",1,1,0,0,38,1,0,0,1,0,0,0,0,0,0,0,0,0,38,,,38,0,0,,0,,,,0,,,,
2024,3,REG,00-0034173,CAR,E.Pineiro,Eddy Pineiro,K,SPEC,"https://static.www.nfl.com/image/upload/f_auto,q_auto/league/ybta3otz713o8xykkwjc",3,3,0,0,43,1,0,1,1,1,0,0,0,0,0,0,0,0,43;35;26,,,104,0,0,3,3,0,0,1,0,,,,
2024,4,REG,00-0034173,CAR,E.Pineiro,Eddy Pineiro,K,SPEC,"https://static.www.nfl.com/image/upload/f_auto,q_auto/league/ybta3otz713o8xykkwjc",1,1,0,0,48,1,0,0,0,1,0,0,0,0,0,0,0,0,48,,,48,0,0,3,3,0,0,1,0,,,,
2024,5,REG,00-0034173,CAR,E.Pineiro,Eddy Pineiro,K,SPEC,"https://static.www.nfl.com/image/upload/f_auto,q_auto/league/ybta3otz713o8xykkwjc",1,2,1,0,27,0.5,0,1,0,0,0,0,0,0,0,1,0,0,27,45,,27,45,0,1,1,0,0,1,0,,,,
2024,6,REG,00-0034173,CAR,E.Pineiro,Eddy Pineiro,K,SPEC,"https://static.www.nfl.com/image/upload/f_auto,q_auto/league/ybta3otz713o8xykkwjc",2,2,0,0,40,1,0,1,0,1,0,0,0,0,0,0,0,0,24;40,,,64,0,0,2,2,0,0,1,0,,,,
2024,7,REG,00-0034173,CAR,E.Pineiro,Eddy Pineiro,K,SPEC,"https://static.www.nfl.com/image/upload/f_auto,q_auto/league/ybta3otz713o8xykkwjc",,0,,,,,,,,,,,,,,,,,,,,,,,1,1,0,0,1,0,,,,
2024,8,REG,00-0034173,CAR,E.Pineiro,Eddy Pineiro,K,SPEC,"https://static.www.nfl.com/image/upload/f_auto,q_auto/league/ybta3otz713o8xykkwjc",,0,,,,,,,,,,,,,,,,,,,,,,,2,2,0,0,1,0,,,,
2024,9,REG,00-0034173,CAR,E.Pineiro,Eddy Pineiro,K,SPEC,"https://static.www.nfl.com/image/upload/f_auto,q_auto/league/ybta3otz713o8xykkwjc",1,1,0,0,48,1,0,0,0,1,0,0,0,0,0,0,0,0,48,,,48,0,0,2,2,0,0,1,0,,,,
2024,10,REG,00-0034173,CAR,E.Pineiro,Eddy Pineiro,K,SPEC,"https://static.www.nfl.com/image/upload/f_auto,q_auto/league/ybta3otz713o8xykkwjc",2,2,0,0,53,1,0,0,1,0,1,0,0,0,0,0,0,0,53;36,,,89,0,0,2,2,0,0,1,1,36,1,0,0
2024,12,REG,00-0034173,CAR,E.Pineiro,Eddy Pineiro,K,SPEC,"https://static.www.nfl.com/image/upload/f_auto,q_auto/league/ybta3otz713o8xykkwjc",4,4,0,0,33,1,0,1,3,0,0,0,0,0,0,0,0,0,30;32;29;33,,,124,0,0,1,1,0,0,1,0,,,,
2024,3,REG,00-0034450,NYG,G.Joseph,Greg Joseph,K,SPEC,"https://static.www.nfl.com/image/upload/f_auto,q_auto/league/ginorlxfefllpy5kbhsr",0,1,1,0,,0,0,0,0,0,0,0,0,0,0,1,0,0,,48,,0,48,0,3,3,0,0,1,0,,,,
2024,4,REG,00-0034450,NYG,G.Joseph,Greg Joseph,K,SPEC,"https://static.www.nfl.com/image/upload/f_auto,q_auto/league/ginorlxfefllpy5kbhsr",5,5,0,0,52,1,0,1,1,2,1,0,0,0,0,0,0,0,52;41;38;22;42,,,195,0,0,,0,,,,0,,,,
2024,5,REG,00-0034450,NYG,G.Joseph,Greg Joseph,K,SPEC,"https://static.www.nfl.com/image/upload/f_auto,q_auto/league/ginorlxfefllpy5kbhsr",3,3,0,0,38,1,0,1,2,0,0,0,0,0,0,0,0,0,38;31;24,,,93,0,0,2,2,0,0,1,0,,,,
2024,6,REG,00-0034450,NYG,G.Joseph,Greg Joseph,K,SPEC,"https://static.www.nfl.com/image/upload/f_auto,q_auto/league/ginorlxfefllpy5kbhsr",0,2,2,0,,0,0,0,0,0,0,0,0,0,0,2,0,0,,47;45,,0,92,0,1,1,0,0,1,0,,,,
2024,7,REG,00-0034450,NYG,G.Joseph,Greg Joseph,K,SPEC,"https://static.www.nfl.com/image/upload/f_auto,q_auto/league/ginorlxfefllpy5kbhsr",1,1,0,0,38,1,0,0,1,0,0,0,0,0,0,0,0,0,38,,,38,0,0,,0,,,,0,,,,
2024,8,REG,00-0034450,NYG,G.Joseph,Greg Joseph,K,SPEC,"https://static.www.nfl.com/image/upload/f_auto,q_auto/league/ginorlxfefllpy5kbhsr",4,4,0,0,48,1,0,1,1,2,0,0,0,0,0,0,0,0,29;39;44;48,,,160,0,0,,0,,,,0,,,,
2024,1,REG,00-0034794,MIA,J.Sanders,Jason Sanders,K,SPEC,"https://static.www.nfl.com/image/upload/f_auto,q_auto/league/zwbiuppgvkumtpntxo75",2,3,1,0,52,0.667,0,0,1,0,1,0,0,0,0,1,0,0,37;52,42,,89,42,0,2,2,0,0,1,1,52,1,0,0
2024,2,REG,00-0034794,MIA,J.Sanders,Jason Sanders,K,SPEC,"https://static.www.nfl.com/image/upload/f_auto,q_auto/league/zwbiuppgvkumtpntxo75",1,1,0,0,34,1,0,0,1,0,0,0,0,0,0,0,0,0,34,,,34,0,0,1,1,0,0,1,0,,,,
2024,3,REG,00-0034794,MIA,J.Sanders,Jason Sanders,K,SPEC,"https://static.www.nfl.com/image/upload/f_auto,q_auto/league/zwbiuppgvkumtpntxo75",1,2,1,0,23,0.5,0,1,0,0,0,0,0,0,0,0,1,0,23,57,,23,57,0,,0,,,,0,,,,
2024,4,REG,00-0034794,MIA,J.Sanders,Jason Sanders,K,SPEC,"https://static.www.nfl.com/image/upload/f_auto,q_auto/league/zwbiuppgvkumtpntxo75",2,2,0,0,56,1,0,0,0,1,1,0,0,0,0,0,0,0,44;56,,,100,0,0,,0,,,,0,,,,
2024,5,REG,00-0034794,MIA,J.Sanders,Jason Sanders,K,SPEC,"https://static.www.nfl.com/image/upload/f_auto,q_auto/league/zwbiuppgvkumtpntxo75",3,4,1,0,54,0.75,0,0,1,1,1,0,0,0,0,1,0,0,54;32;47,41,,133,41,0,,0,,,,0,,,,
2024,7,REG,00-0034794,MIA,J.Sanders,Jason Sanders,K,SPEC,"https://static.www.nfl.com/image/upload/f_auto,q_auto/league/zwbiuppgvkumtpntxo75",1,2,1,0,33,0.5,0,0,1,0,0,0,0,0,0,0,1,0,33,54,,33,54,0,1,1,0,0,1,0,,,,
2024,8,REG,00-0034794,MIA,J.Sanders,Jason Sanders,K,SPEC,"https://static.www.nfl.com/image/upload/f_auto,q_auto/league/zwbiuppgvkumtpntxo75",2,2,0,0,53,1,0,1,0,0,1,0,0,0,0,0,0,0,53;25,,,78,0,0,3,3,0,0,1,0,,,,
2024,9,REG,00-0034794,MIA,J.Sanders,Jason Sanders,K,SPEC,"https://static.www.nfl.com/image/upload/f_auto,q_auto/league/zwbiuppgvkumtpntxo75",2,2,0,0,39,1,0,1,1,0,0,0,0,0,0,0,0,0,39;23,,,62,0,0,3,3,0,0,1,0,,,,
2024,10,REG,00-0034794,MIA,J.Sanders,Jason Sanders,K,SPEC,"https://static.www.nfl.com/image/upload/f_auto,q_auto/league/zwbiuppgvkumtpntxo75",3,3,0,0,50,1,0,0,1,0,2,0,0,0,0,0,0,0,50;37;50,,,137,0,0,2,2,0,0,1,0,,,,
2024,11,REG,00-0034794,MIA,J.Sanders,Jason Sanders,K,SPEC,"https://static.www.nfl.com/image/upload/f_auto,q_auto/league/zwbiuppgvkumtpntxo75",2,2,0,0,46,1,0,0,1,1,0,0,0,0,0,0,0,0,31;46,,,77,0,0,4,4,0,0,1,0,,,,
2024,12,REG,00-0034794,MIA,J.Sanders,Jason Sanders,K,SPEC,"https://static.www.nfl.com/image/upload/f_auto,q_auto/league/zwbiuppgvkumtpntxo75",2,2,0,0,51,1,0,1,0,0,1,0,0,0,0,0,0,0,21;51,,,72,0,0,4,4,0,0,1,0,,,,
2024,5,REG,00-0034941,SF,M.Wishnowsky,Mitch Wishnowsky,P,SPEC,"https://static.www.nfl.com/image/upload/f_auto,q_auto/league/had7xwk5biw3ho8jswmx",1,1,0,0,26,1,0,1,0,0,0,0,0,0,0,0,0,0,26,,,26,0,0,,0,,,,0,,,,
2024,2,REG,00-0035042,NYG,J.Gillan,Jamie Gillan,P,SPEC,"https://static.www.nfl.com/image/upload/f_auto,q_auto/league/zramky5mg2qiqrzmxod8",,0,,,,,,,,,,,,,,,,,,,,,,,0,1,1,0,0,0,,,,
2024,2,REG,00-0035145,WAS,A.Seibert,Austin Seibert,K,SPEC,"https://static.www.nfl.com/image/upload/f_auto,q_auto/league/ubdrkk43d3tlggqeq0en",7,7,0,0,45,1,0,4,2,1,0,0,0,0,0,0,0,0,27;45;26;27;29;33;30,,,217,0,0,,0,,,,1,30,1,0,0
2024,3,REG,00-0035145,WAS,A.Seibert,Austin Seibert,K,SPEC,"https://static.www.nfl.com/image/upload/f_auto,q_auto/league/ubdrkk43d3tlggqeq0en",1,1,0,0,42,1,0,0,0,1,0,0,0,0,0,0,0,0,42,,,42,0,0,5,5,0,0,1,0,,,,
2024,4,REG,00-0035145,WAS,A.Seibert,Austin Seibert,K,SPEC,"https://static.www.nfl.com/image/upload/f_auto,q_auto/league/ubdrkk43d3tlggqeq0en",2,2,0,0,45,1,0,0,1,1,0,0,0,0,0,0,0,0,45;38,,,83,0,0,4,4,0,0,1,0,,,,
2024,5,REG,00-0035145,WAS,A.Seibert,Austin Seibert,K,SPEC,"https://static.www.nfl.com/image/upload/f_auto,q_auto/league/ubdrkk43d3tlggqeq0en",2,2,0,0,30,1,0,1,1,0,0,0,0,0,0,0,0,0,27;30,,,57,0,0,4,4,0,0,1,0,,,,
2024,6,REG,00-0035145,WAS,A.Seibert,Austin Seibert,K,SPEC,"https://static.www.nfl.com/image/upload/f_auto,q_auto/league/ubdrkk43d3tlggqeq0en",3,4,0,1,55,0.75,0,0,0,2,1,0,0,0,0,0,0,0,42;55;49,,52,146,0,52,2,2,0,0,1,0,,,,
2024,7,REG,00-0035145,WAS,A.Seibert,Austin Seibert,K,SPEC,"https://static.www.nfl.com/image/upload/f_auto,q_auto/league/ubdrkk43d3tlggqeq0en",4,4,0,0,49,1,0,2,1,1,0,0,0,0,0,0,0,0,23;49;31;29,,,132,0,0,4,4,0,0,1,0,,,,
2024,8,REG,00-0035145,WAS,A.Seibert,Austin Seibert,K,SPEC,"https://static.www.nfl.com/image/upload/f_auto,q_auto/league/ubdrkk43d3tlggqeq0en",4,5,1,0,47,0.8,0,2,1,1,0,0,0,0,0,0,1,0,27;30;28;47,51,,132,51,0,,0,,,,0,,,,
2024,9,REG,00-0035145,WAS,A.Seibert,Austin Seibert,K,SPEC,"https://static.www.nfl.com/image/upload/f_auto,q_auto/league/ubdrkk43d3tlggqeq0en",2,2,0,0,31,1,0,1,1,0,0,0,0,0,0,0,0,0,31;20,,,51,0,0,3,3,0,0,1,0,,,,
2024,12,REG,00-0035145,WAS,A.Seibert,Austin Seibert,K,SPEC,"https://static.www.nfl.com/image/upload/f_auto,q_auto/league/ubdrkk43d3tlggqeq0en",2,3,1,0,51,0.667,0,0,0,1,1,0,0,0,0,0,1,0,41;51,51,,92,51,0,0,2,2,0,0,0,,,,
2024,6,REG,00-0035189,SF,M.Wright,Matthew Wright,K,SPEC,"https://static.www.nfl.com/image/upload/f_auto,q_auto/league/pfedp9dvojv0e8mvavak",3,3,0,0,41,1,0,1,1,1,0,0,0,0,0,0,0,0,25;41;35,,,101,0,0,3,3,0,0,1,0,,,,
2024,1,REG,00-0035192,NE,J.Slye,Joey Slye,K,SPEC,"https://static.www.nfl.com/image/upload/f_auto,q_auto/league/yetl7tfeviyonhqsayhg",3,3,0,0,37,1,0,0,3,0,0,0,0,0,0,0,0,0,32;35;37,,,104,0,0,1,1,0,0,1,0,,,,
2024,2,REG,00-0035192,NE,J.Slye,Joey Slye,K,SPEC,"https://static.www.nfl.com/image/upload/f_auto,q_auto/league/yetl7tfeviyonhqsayhg",2,3,0,1,29,0.667,0,2,0,0,0,0,0,0,0,0,0,0,29;28,,48,57,0,48,2,2,0,0,1,0,,,,
2024,3,REG,00-0035192,NE,J.Slye,Joey Slye,K,SPEC,"https://static.www.nfl.com/image/upload/f_auto,q_auto/league/yetl7tfeviyonhqsayhg",1,1,0,0,44,1,0,0,0,1,0,0,0,0,0,0,0,0,44,,,44,0,0,,0,,,,0,,,,
2024,4,REG,00-0035192,NE,J.Slye,Joey Slye,K,SPEC,"https://static.www.nfl.com/image/upload/f_auto,q_auto/league/yetl7tfeviyonhqsayhg",2,2,0,0,63,1,0,0,0,0,1,1,0,0,0,0,0,0,63;54,,,117,0,0,1,1,0,0,1,0,,,,
2024,5,REG,00-0035192,NE,J.Slye,Joey Slye,K,SPEC,"https://static.www.nfl.com/image/upload/f_auto,q_auto/league/yetl7tfeviyonhqsayhg",1,2,1,0,38,0.5,0,0,1,0,0,0,0,0,1,0,0,0,38,33,,38,33,0,1,1,0,0,1,0,,,,
2024,6,REG,00-0035192,NE,J.Slye,Joey Slye,K,SPEC,"https://static.www.nfl.com/image/upload/f_auto,q_auto/league/yetl7tfeviyonhqsayhg",,0,,,,,,,,,,,,,,,,,,,,,,,3,3,0,0,1,0,,,,
2024,7,REG,00-0035192,NE,J.Slye,Joey Slye,K,SPEC,"https://static.www.nfl.com/image/upload/f_auto,q_auto/league/yetl7tfeviyonhqsayhg",1,1,0,0,41,1,0,0,0,1,0,0,0,0,0,0,0,0,41,,,41,0,0,1,1,0,0,1,0,,,,
2024,8,REG,00-0035192,NE,J.Slye,Joey Slye,K,SPEC,"https://static.www.nfl.com/image/upload/f_auto,q_auto/league/yetl7tfeviyonhqsayhg",1,1,0,0,23,1,0,1,0,0,0,0,0,0,0,0,0,0,23,,,23,0,0,2,2,0,0,1,0,,,,
2024,9,REG,00-0035192,NE,J.Slye,Joey Slye,K,SPEC,"https://static.www.nfl.com/image/upload/f_auto,q_auto/league/yetl7tfeviyonhqsayhg",1,2,1,0,52,0.5,0,0,0,0,1,0,0,0,0,0,1,0,52,56,,52,56,0,2,2,0,0,1,0,,,,
2024,10,REG,00-0035192,NE,J.Slye,Joey Slye,K,SPEC,"https://static.www.nfl.com/image/upload/f_auto,q_auto/league/yetl7tfeviyonhqsayhg",4,4,0,0,37,1,0,1,3,0,0,0,0,0,0,0,0,0,30;37;25;33,,,125,0,0,1,1,0,0,1,0,,,,
2024,11,REG,00-0035192,NE,J.Slye,Joey Slye,K,SPEC,"https://static.www.nfl.com/image/upload/f_auto,q_auto/league/yetl7tfeviyonhqsayhg",3,3,0,0,42,1,0,1,1,1,0,0,0,0,0,0,0,0,32;25;42,,,99,0,0,1,2,0,1,0.5,0,,,,
2024,12,REG,00-0035192,NE,J.Slye,Joey Slye,K,SPEC,"https://static.www.nfl.com/image/upload/f_auto,q_auto/league/yetl7tfeviyonhqsayhg",0,1,1,0,,0,0,0,0,0,0,0,0,0,0,1,0,0,,45,,0,45,0,1,1,0,0,1,0,,,,
2024,2,REG,00-0035269,IND,M.Gay,Matt Gay,K,SPEC,"https://static.www.nfl.com/image/private/f_auto,q_auto/league/kczssz2s1zgbnhefkydb",1,2,1,0,34,0.5,0,0,1,0,0,0,0,0,0,0,1,0,34,50,,34,50,0,1,1,0,0,1,0,,,,
2024,3,REG,00-0035269,IND,M.Gay,Matt Gay,K,SPEC,"https://static.www.nfl.com/image/private/f_auto,q_auto/league/kczssz2s1zgbnhefkydb",,0,,,,,,,,,,,,,,,,,,,,,,,3,3,0,0,1,0,,,,
2024,4,REG,00-0035269,IND,M.Gay,Matt Gay,K,SPEC,"https://static.www.nfl.com/image/private/f_auto,q_auto/league/kczssz2s1zgbnhefkydb",2,3,1,0,35,0.667,0,0,2,0,0,0,0,0,0,0,1,0,33;35,54,,68,54,0,3,3,0,0,1,0,,,,
2024,5,REG,00-0035269,IND,M.Gay,Matt Gay,K,SPEC,"https://static.www.nfl.com/image/private/f_auto,q_auto/league/kczssz2s1zgbnhefkydb",2,2,0,0,37,1,0,0,2,0,0,0,0,0,0,0,0,0,30;37,,,67,0,0,4,4,0,0,1,0,,,,
2024,6,REG,00-0035269,IND,M.Gay,Matt Gay,K,SPEC,"https://static.www.nfl.com/image/private/f_auto,q_auto/league/kczssz2s1zgbnhefkydb",2,2,0,0,26,1,0,2,0,0,0,0,0,0,0,0,0,0,26;22,,,48,0,0,2,2,0,0,1,0,,,,
2024,7,REG,00-0035269,IND,M.Gay,Matt Gay,K,SPEC,"https://static.www.nfl.com/image/private/f_auto,q_auto/league/kczssz2s1zgbnhefkydb",3,3,0,0,52,1,0,1,1,0,1,0,0,0,0,0,0,0,52;22;38,,,112,0,0,1,1,0,0,1,0,,,,
2024,8,REG,00-0035269,IND,M.Gay,Matt Gay,K,SPEC,"https://static.www.nfl.com/image/private/f_auto,q_auto/league/kczssz2s1zgbnhefkydb",2,2,0,0,46,1,0,0,1,1,0,0,0,0,0,0,0,0,46;37,,,83,0,0,2,2,0,0,1,0,,,,
2024,9,REG,00-0035269,IND,M.Gay,Matt Gay,K,SPEC,"https://static.www.nfl.com/image/private/f_auto,q_auto/league/kczssz2s1zgbnhefkydb",2,3,1,0,54,0.667,0,0,0,1,1,0,0,0,0,0,1,0,42;54,53,,96,53,0,1,1,0,0,1,0,,,,
2024,10,REG,00-0035269,IND,M.Gay,Matt Gay,K,SPEC,"https://static.www.nfl.com/image/private/f_auto,q_auto/league/kczssz2s1zgbnhefkydb",2,2,0,0,27,1,0,2,0,0,0,0,0,0,0,0,0,0,27;23,,,50,0,0,2,2,0,0,1,0,,,,
2024,11,REG,00-0035269,IND,M.Gay,Matt Gay,K,SPEC,"https://static.www.nfl.com/image/private/f_auto,q_auto/league/kczssz2s1zgbnhefkydb",3,3,0,0,56,1,0,0,0,2,1,0,0,0,0,0,0,0,41;47;56,,,144,0,0,1,1,0,0,1,0,,,,
2024,12,REG,00-0035269,IND,M.Gay,Matt Gay,K,SPEC,"https://static.www.nfl.com/image/private/f_auto,q_auto/league/kczssz2s1zgbnhefkydb",2,2,0,0,29,1,0,2,0,0,0,0,0,0,0,0,0,0,27;29,,,56,0,0,,0,,,,0,,,,
2024,1,REG,00-0035358,TB,C.McLaughlin,Chase McLaughlin,K,SPEC,"https://static.www.nfl.com/image/upload/f_auto,q_auto/league/dflts1tidjohpuzryyqd",3,3,0,0,56,1,0,1,1,0,1,0,0,0,0,0,0,0,56;34;29,,,119,0,0,4,4,0,0,1,0,,,,
2024,2,REG,00-0035358,TB,C.McLaughlin,Chase McLaughlin,K,SPEC,"https://static.www.nfl.com/image/upload/f_auto,q_auto/league/dflts1tidjohpuzryyqd",2,2,0,0,55,1,0,0,1,0,1,0,0,0,0,0,0,0,30;55,,,85,0,0,2,2,0,0,1,0,,,,
2024,3,REG,00-0035358,TB,C.McLaughlin,Chase McLaughlin,K,SPEC,"https://static.www.nfl.com/image/upload/f_auto,q_auto/league/dflts1tidjohpuzryyqd",,0,,,,,,,,,,,,,,,,,,,,,,,1,1,0,0,1,0,,,,
2024,4,REG,00-0035358,TB,C.McLaughlin,Chase McLaughlin,K,SPEC,"https://static.www.nfl.com/image/upload/f_auto,q_auto/league/dflts1tidjohpuzryyqd",2,2,0,0,52,1,0,1,0,0,1,0,0,0,0,0,0,0,21;52,,,73,0,0,3,4,0,1,0.75,0,,,,
2024,5,REG,00-0035358,TB,C.McLaughlin,Chase McLaughlin,K,SPEC,"https://static.www.nfl.com/image/upload/f_auto,q_auto/league/dflts1tidjohpuzryyqd",3,3,0,0,53,1,0,0,1,0,2,0,0,0,0,0,0,0,53;32;53,,,138,0,0,3,3,0,0,1,1,53,1,0,0
2024,6,REG,00-0035358,TB,C.McLaughlin,Chase McLaughlin,K,SPEC,"https://static.www.nfl.com/image/upload/f_auto,q_auto/league/dflts1tidjohpuzryyqd",1,1,0,0,26,1,0,1,0,0,0,0,0,0,0,0,0,0,26,,,26,0,0,6,6,0,0,1,0,,,,
2024,7,REG,00-0035358,TB,C.McLaughlin,Chase McLaughlin,K,SPEC,"https://static.www.nfl.com/image/upload/f_auto,q_auto/league/dflts1tidjohpuzryyqd",1,2,1,0,23,0.5,0,1,0,0,0,0,0,0,0,0,1,0,23,55,,23,55,0,2,2,0,0,1,0,,,,
2024,8,REG,00-0035358,TB,C.McLaughlin,Chase McLaughlin,K,SPEC,"https://static.www.nfl.com/image/upload/f_auto,q_auto/league/dflts1tidjohpuzryyqd",1,1,0,0,52,1,0,0,0,0,1,0,0,0,0,0,0,0,52,,,52,0,0,3,3,0,0,1,0,,,,
2024,9,REG,00-0035358,TB,C.McLaughlin,Chase McLaughlin,K,SPEC,"https://static.www.nfl.com/image/upload/f_auto,q_auto/league/dflts1tidjohpuzryyqd",1,1,0,0,47,1,0,0,0,1,0,0,0,0,0,0,0,0,47,,,47,0,0,3,3,0,0,1,0,,,,
2024,10,REG,00-0035358,TB,C.McLaughlin,Chase McLaughlin,K,SPEC,"https://static.www.nfl.com/image/upload/f_auto,q_auto/league/dflts1tidjohpuzryyqd",2,2,0,0,30,1,0,1,1,0,0,0,0,0,0,0,0,0,30;26,,,56,0,0,2,2,0,0,1,0,,,,
2024,12,REG,00-0035358,TB,C.McLaughlin,Chase McLaughlin,K,SPEC,"https://static.www.nfl.com/image/upload/f_auto,q_auto/league/dflts1tidjohpuzryyqd",1,1,0,0,23,1,0,1,0,0,0,0,0,0,0,0,0,0,23,,,23,0,0,3,4,1,0,0.75,0,,,,
2024,1,REG,00-0036162,BUF,T.Bass,Tyler Bass,K,SPEC,"https://static.www.nfl.com/image/upload/f_auto,q_auto/league/yap9hm6h417pspqeadl1",2,2,0,0,39,1,0,0,2,0,0,0,0,0,0,0,0,0,37;39,,,76,0,0,4,4,0,0,1,0,,,,
2024,2,REG,00-0036162,BUF,T.Bass,Tyler Bass,K,SPEC,"https://static.www.nfl.com/image/upload/f_auto,q_auto/league/yap9hm6h417pspqeadl1",1,2,1,0,43,0.5,0,0,0,1,0,0,0,0,0,1,0,0,43,45,,43,45,0,4,4,0,0,1,0,,,,
2024,3,REG,00-0036162,BUF,T.Bass,Tyler Bass,K,SPEC,"https://static.www.nfl.com/image/upload/f_auto,q_auto/league/yap9hm6h417pspqeadl1",2,2,0,0,43,1,0,1,0,1,0,0,0,0,0,0,0,0,27;43,,,70,0,0,5,6,0,1,0.833,0,,,,
2024,4,REG,00-0036162,BUF,T.Bass,Tyler Bass,K,SPEC,"https://static.www.nfl.com/image/upload/f_auto,q_auto/league/yap9hm6h417pspqeadl1",1,2,1,0,50,0.5,0,0,0,0,1,0,0,0,0,1,0,0,50,48,,50,48,0,1,1,0,0,1,0,,,,
2024,5,REG,00-0036162,BUF,T.Bass,Tyler Bass,K,SPEC,"https://static.www.nfl.com/image/upload/f_auto,q_auto/league/yap9hm6h417pspqeadl1",2,2,0,0,38,1,0,0,2,0,0,0,0,0,0,0,0,0,38;33,,,71,0,0,2,2,0,0,1,0,,,,
2024,6,REG,00-0036162,BUF,T.Bass,Tyler Bass,K,SPEC,"https://static.www.nfl.com/image/upload/f_auto,q_auto/league/yap9hm6h417pspqeadl1",1,2,1,0,22,0.5,0,1,0,0,0,0,0,0,0,1,0,0,22,47,,22,47,0,2,3,1,0,0.667,1,22,1,0,0
2024,7,REG,00-0036162,BUF,T.Bass,Tyler Bass,K,SPEC,"https://static.www.nfl.com/image/upload/f_auto,q_auto/league/yap9hm6h417pspqeadl1",2,2,0,0,30,1,0,1,1,0,0,0,0,0,0,0,0,0,28;30,,,58,0,0,4,4,0,0,1,0,,,,
2024,8,REG,00-0036162,BUF,T.Bass,Tyler Bass,K,SPEC,"https://static.www.nfl.com/image/upload/f_auto,q_auto/league/yap9hm6h417pspqeadl1",1,1,0,0,27,1,0,1,0,0,0,0,0,0,0,0,0,0,27,,,27,0,0,4,4,0,0,1,0,,,,
2024,9,REG,00-0036162,BUF,T.Bass,Tyler Bass,K,SPEC,"https://static.www.nfl.com/image/upload/f_auto,q_auto/league/yap9hm6h417pspqeadl1",3,3,0,0,61,1,0,0,0,2,0,1,0,0,0,0,0,0,40;49;61,,,150,0,0,1,2,1,0,0.5,1,61,1,0,0
2024,10,REG,00-0036162,BUF,T.Bass,Tyler Bass,K,SPEC,"https://static.www.nfl.com/image/upload/f_auto,q_auto/league/yap9hm6h417pspqeadl1",3,3,0,0,47,1,0,2,0,1,0,0,0,0,0,0,0,0,29;47;28,,,104,0,0,3,3,0,0,1,0,,,,
2024,11,REG,00-0036162,BUF,T.Bass,Tyler Bass,K,SPEC,"https://static.www.nfl.com/image/upload/f_auto,q_auto/league/yap9hm6h417pspqeadl1",1,1,0,0,33,1,0,0,1,0,0,0,0,0,0,0,0,0,33,,,33,0,0,3,4,1,0,0.75,0,,,,
2024,9,REG,00-0036816,NYJ,R.Patterson,Riley Patterson,K,SPEC,"https://static.www.nfl.com/image/private/f_auto,q_auto/league/waj6pvpu1ouzgssedqiq",,0,,,,,,,,,,,,,,,,,,,,,,,3,3,0,0,1,0,,,,
2024,1,REG,00-0036854,CIN,E.McPherson,Evan McPherson,K,SPEC,"https://static.www.nfl.com/image/upload/f_auto,q_auto/league/nndqpdfmeeugypvg2nve",1,1,0,0,51,1,0,0,0,0,1,0,0,0,0,0,0,0,51,,,51,0,0,1,1,0,0,1,0,,,,
2024,2,REG,00-0036854,CIN,E.McPherson,Evan McPherson,K,SPEC,"https://static.www.nfl.com/image/upload/f_auto,q_auto/league/nndqpdfmeeugypvg2nve",4,4,0,0,53,1,0,1,1,1,1,0,0,0,0,0,0,0,22;33;48;53,,,156,0,0,1,2,1,0,0.5,1,53,1,0,0
2024,3,REG,00-0036854,CIN,E.McPherson,Evan McPherson,K,SPEC,"https://static.www.nfl.com/image/upload/f_auto,q_auto/league/nndqpdfmeeugypvg2nve",2,3,1,0,31,0.667,0,1,1,0,0,0,0,0,0,1,0,0,28;31,48,,59,48,0,3,3,0,0,1,0,,,,
2024,4,REG,00-0036854,CIN,E.McPherson,Evan McPherson,K,SPEC,"https://static.www.nfl.com/image/upload/f_auto,q_auto/league/nndqpdfmeeugypvg2nve",2,2,0,0,56,1,0,0,0,1,1,0,0,0,0,0,0,0,56;46,,,102,0,0,4,4,0,0,1,0,,,,
2024,5,REG,00-0036854,CIN,E.McPherson,Evan McPherson,K,SPEC,"https://static.www.nfl.com/image/upload/f_auto,q_auto/league/nndqpdfmeeugypvg2nve",0,1,1,0,,0,0,0,0,0,0,0,0,0,0,0,1,0,,53,,0,53,0,4,4,0,0,1,1,53,0,1,0
2024,6,REG,00-0036854,CIN,E.McPherson,Evan McPherson,K,SPEC,"https://static.www.nfl.com/image/upload/f_auto,q_auto/league/nndqpdfmeeugypvg2nve",1,1,0,0,37,1,0,0,1,0,0,0,0,0,0,0,0,0,37,,,37,0,0,2,2,0,0,1,0,,,,
2024,7,REG,00-0036854,CIN,E.McPherson,Evan McPherson,K,SPEC,"https://static.www.nfl.com/image/upload/f_auto,q_auto/league/nndqpdfmeeugypvg2nve",0,1,1,0,,0,0,0,0,0,0,0,0,0,0,0,1,0,,50,,0,50,0,3,3,0,0,1,0,,,,
2024,8,REG,00-0036854,CIN,E.McPherson,Evan McPherson,K,SPEC,"https://static.www.nfl.com/image/upload/f_auto,q_auto/league/nndqpdfmeeugypvg2nve",1,2,1,0,27,0.5,0,1,0,0,0,0,0,0,0,0,1,0,27,54,,27,54,0,2,2,0,0,1,0,,,,
2024,9,REG,00-0036854,CIN,E.McPherson,Evan McPherson,K,SPEC,"https://static.www.nfl.com/image/upload/f_auto,q_auto/league/nndqpdfmeeugypvg2nve",2,2,0,0,44,1,0,1,0,1,0,0,0,0,0,0,0,0,44;27,,,71,0,0,5,5,0,0,1,0,,,,
2024,10,REG,00-0036854,CIN,E.McPherson,Evan McPherson,K,SPEC,"https://static.www.nfl.com/image/upload/f_auto,q_auto/league/nndqpdfmeeugypvg2nve",,0,,,,,,,,,,,,,,,,,,,,,,,4,4,0,0,1,0,,,,
2024,11,REG,00-0036854,CIN,E.McPherson,Evan McPherson,K,SPEC,"https://static.www.nfl.com/image/upload/f_auto,q_auto/league/nndqpdfmeeugypvg2nve",2,4,2,0,27,0.5,0,2,0,0,0,0,0,0,0,1,1,0,26;27,48;51,,53,99,0,3,3,0,0,1,0,,,,
2024,1,REG,00-0037224,LAC,C.Dicker,Cameron Dicker,K,SPEC,"https://static.www.nfl.com/image/upload/f_auto,q_auto/league/cjgz8mykyv9tygjypehw",3,3,0,0,53,1,0,2,0,0,1,0,0,0,0,0,0,0,53;25;24,,,102,0,0,1,1,0,0,1,0,,,,
2024,2,REG,00-0037224,LAC,C.Dicker,Cameron Dicker,K,SPEC,"https://static.www.nfl.com/image/upload/f_auto,q_auto/league/cjgz8mykyv9tygjypehw",2,2,0,0,46,1,0,0,0,2,0,0,0,0,0,0,0,0,46;42,,,88,0,0,2,3,1,0,0.667,0,,,,
2024,3,REG,00-0037224,LAC,C.Dicker,Cameron Dicker,K,SPEC,"https://static.www.nfl.com/image/upload/f_auto,q_auto/league/cjgz8mykyv9tygjypehw",1,1,0,0,28,1,0,1,0,0,0,0,0,0,0,0,0,0,28,,,28,0,0,1,1,0,0,1,0,,,,
2024,4,REG,00-0037224,LAC,C.Dicker,Cameron Dicker,K,SPEC,"https://static.www.nfl.com/image/upload/f_auto,q_auto/league/cjgz8mykyv9tygjypehw",1,2,1,0,50,0.5,0,0,0,0,1,0,0,0,0,0,1,0,50,55,,50,55,0,1,1,0,0,1,0,,,,
2024,6,REG,00-0037224,LAC,C.Dicker,Cameron Dicker,K,SPEC,"https://static.www.nfl.com/image/upload/f_auto,q_auto/league/cjgz8mykyv9tygjypehw",3,3,0,0,46,1,0,1,1,1,0,0,0,0,0,0,0,0,20;33;46,,,99,0,0,2,2,0,0,1,0,,,,
2024,7,REG,00-0037224,LAC,C.Dicker,Cameron Dicker,K,SPEC,"https://static.www.nfl.com/image/upload/f_auto,q_auto/league/cjgz8mykyv9tygjypehw",5,5,0,0,59,1,0,1,0,2,2,0,0,0,0,0,0,0,59;50;28;47;40,,,224,0,0,,0,,,,1,40,1,0,0
2024,8,REG,00-0037224,LAC,C.Dicker,Cameron Dicker,K,SPEC,"https://static.www.nfl.com/image/upload/f_auto,q_auto/league/cjgz8mykyv9tygjypehw",2,2,0,0,46,1,0,1,0,1,0,0,0,0,0,0,0,0,46;29,,,75,0,0,2,3,1,0,0.667,0,,,,
2024,9,REG,00-0037224,LAC,C.Dicker,Cameron Dicker,K,SPEC,"https://static.www.nfl.com/image/upload/f_auto,q_auto/league/cjgz8mykyv9tygjypehw",0,1,1,0,,0,0,0,0,0,0,0,0,0,0,1,0,0,,44,,0,44,0,3,4,1,0,0.75,0,,,,
2024,10,REG,00-0037224,LAC,C.Dicker,Cameron Dicker,K,SPEC,"https://static.www.nfl.com/image/upload/f_auto,q_auto/league/cjgz8mykyv9tygjypehw",2,2,0,0,37,1,0,1,1,0,0,0,0,0,0,0,0,0,21;37,,,58,0,0,3,3,0,0,1,0,,,,
2024,11,REG,00-0037224,LAC,C.Dicker,Cameron Dicker,K,SPEC,"https://static.www.nfl.com/image/upload/f_auto,q_auto/league/cjgz8mykyv9tygjypehw",2,2,0,0,53,1,1,0,0,0,1,0,0,0,0,0,0,0,19;53,,,72,0,0,4,4,0,0,1,0,,,,
2024,10,REG,00-0037542,MIN,J.Romo,John Parker Romo,K,SPEC,"https://static.www.nfl.com/image/private/f_auto,q_auto/league/mivdxwexvns77evfhtgj",4,4,0,0,45,1,0,1,2,1,0,0,0,0,0,0,0,0,45;33;34;29,,,141,0,0,,0,,,,0,,,,
2024,11,REG,00-0037542,MIN,J.Romo,John Parker Romo,K,SPEC,"https://static.www.nfl.com/image/private/f_auto,q_auto/league/mivdxwexvns77evfhtgj",1,1,0,0,40,1,0,0,0,1,0,0,0,0,0,0,0,0,40,,,40,0,0,2,3,1,0,0.667,0,,,,
2024,12,REG,00-0037542,MIN,J.Romo,John Parker Romo,K,SPEC,"https://static.www.nfl.com/image/private/f_auto,q_auto/league/mivdxwexvns77evfhtgj",3,3,0,0,40,1,0,2,0,1,0,0,0,0,0,0,0,0,40;26;29,,,95,0,0,3,3,0,0,1,1,29,1,0,0
2024,1,REG,00-0037692,DAL,B.Aubrey,Brandon Aubrey,K,SPEC,"https://static.www.nfl.com/image/upload/f_auto,q_auto/league/ey93ifke290r8tn5jrqq",4,4,0,0,57,1,0,0,0,2,2,0,0,0,0,0,0,0,57;40;50;46,,,193,0,0,3,3,0,0,1,0,,,,
2024,2,REG,00-0037692,DAL,B.Aubrey,Brandon Aubrey,K,SPEC,"https://static.www.nfl.com/image/upload/f_auto,q_auto/league/ey93ifke290r8tn5jrqq",4,4,0,0,52,1,0,0,1,2,1,0,0,0,0,0,0,0,52;38;48;40,,,178,0,0,1,1,0,0,1,0,,,,
2024,3,REG,00-0037692,DAL,B.Aubrey,Brandon Aubrey,K,SPEC,"https://static.www.nfl.com/image/upload/f_auto,q_auto/league/ey93ifke290r8tn5jrqq",2,2,0,0,65,1,0,0,0,0,1,1,0,0,0,0,0,0,65;51,,,116,0,0,1,1,0,0,1,0,,,,
2024,4,REG,00-0037692,DAL,B.Aubrey,Brandon Aubrey,K,SPEC,"https://static.www.nfl.com/image/upload/f_auto,q_auto/league/ey93ifke290r8tn5jrqq",2,3,1,0,60,0.667,0,0,0,1,0,1,0,0,0,0,1,0,60;40,51,,100,51,0,2,2,0,0,1,0,,,,
2024,5,REG,00-0037692,DAL,B.Aubrey,Brandon Aubrey,K,SPEC,"https://static.www.nfl.com/image/upload/f_auto,q_auto/league/ey93ifke290r8tn5jrqq",2,3,0,1,55,0.667,0,0,1,0,1,0,0,0,0,0,0,0,55;33,,38,88,0,38,2,2,0,0,1,0,,,,
2024,6,REG,00-0037692,DAL,B.Aubrey,Brandon Aubrey,K,SPEC,"https://static.www.nfl.com/image/upload/f_auto,q_auto/league/ey93ifke290r8tn5jrqq",3,3,0,0,50,1,0,0,1,1,1,0,0,0,0,0,0,0,34;47;50,,,131,0,0,,0,,,,0,,,,
2024,8,REG,00-0037692,DAL,B.Aubrey,Brandon Aubrey,K,SPEC,"https://static.www.nfl.com/image/upload/f_auto,q_auto/league/ey93ifke290r8tn5jrqq",1,1,0,0,29,1,0,1,0,0,0,0,0,0,0,0,0,0,29,,,29,0,0,3,3,0,0,1,0,,,,
2024,9,REG,00-0037692,DAL,B.Aubrey,Brandon Aubrey,K,SPEC,"https://static.www.nfl.com/image/upload/f_auto,q_auto/league/ey93ifke290r8tn5jrqq",2,2,0,0,57,1,0,0,1,0,1,0,0,0,0,0,0,0,34;57,,,91,0,0,1,1,0,0,1,0,,,,
2024,10,REG,00-0037692,DAL,B.Aubrey,Brandon Aubrey,K,SPEC,"https://static.www.nfl.com/image/upload/f_auto,q_auto/league/ey93ifke290r8tn5jrqq",2,2,0,0,46,1,0,1,0,1,0,0,0,0,0,0,0,0,46;23,,,69,0,0,,0,,,,0,,,,
2024,11,REG,00-0037692,DAL,B.Aubrey,Brandon Aubrey,K,SPEC,"https://static.www.nfl.com/image/upload/f_auto,q_auto/league/ey93ifke290r8tn5jrqq",1,2,1,0,53,0.5,0,0,0,0,1,0,0,0,0,1,0,0,53,40,,53,40,0,1,1,0,0,1,0,,,,
2024,12,REG,00-0037692,DAL,B.Aubrey,Brandon Aubrey,K,SPEC,"https://static.www.nfl.com/image/upload/f_auto,q_auto/league/ey93ifke290r8tn5jrqq",2,4,1,1,48,0.5,0,0,0,2,0,0,0,0,0,1,0,0,46;48,42,35,94,42,35,4,4,0,0,1,0,,,,
2024,1,REG,00-0038097,WAS,C.York,Cade York,K,SPEC,"https://static.www.nfl.com/image/upload/f_auto,q_auto/league/irts9o3l9mzopvyg7c25",0,2,2,0,,0,0,0,0,0,0,0,0,0,0,1,1,0,,47;56,,0,103,0,2,2,0,0,1,0,,,,
2024,7,REG,00-0038402,SF,A.Carlson,Anders Carlson,K,SPEC,"https://static.www.nfl.com/image/upload/f_auto,q_auto/league/ysteerrjyrv5k1jpqna8",2,2,0,0,55,1,0,1,0,0,1,0,0,0,0,0,0,0,55;24,,,79,0,0,0,1,1,0,0,0,,,,
2024,8,REG,00-0038402,SF,A.Carlson,Anders Carlson,K,SPEC,"https://static.www.nfl.com/image/upload/f_auto,q_auto/league/ysteerrjyrv5k1jpqna8",3,3,0,0,50,1,0,0,0,2,1,0,0,0,0,0,0,0,50;44;41,,,135,0,0,3,3,0,0,1,0,,,,
2024,11,REG,00-0038402,NYJ,A.Carlson,Anders Carlson,K,SPEC,"https://static.www.nfl.com/image/upload/f_auto,q_auto/league/ysteerrjyrv5k1jpqna8",2,2,0,0,58,1,0,0,1,0,1,0,0,0,0,0,0,0,58;35,,,93,0,0,3,3,0,0,1,0,,,,
2024,1,REG,00-0038562,SF,J.Moody,Jake Moody,K,SPEC,"https://static.www.nfl.com/image/upload/f_auto,q_auto/league/hu0y90mulhnhdg2fvlpv",6,6,0,0,53,1,0,1,1,2,2,0,0,0,0,0,0,0,46;51;31;53;23;42,,,246,0,0,2,2,0,0,1,0,,,,
2024,2,REG,00-0038562,SF,J.Moody,Jake Moody,K,SPEC,"https://static.www.nfl.com/image/upload/f_auto,q_auto/league/hu0y90mulhnhdg2fvlpv",1,1,0,0,31,1,0,0,1,0,0,0,0,0,0,0,0,0,31,,,31,0,0,2,2,0,0,1,0,,,,
2024,3,REG,00-0038562,SF,J.Moody,Jake Moody,K,SPEC,"https://static.www.nfl.com/image/upload/f_auto,q_auto/league/hu0y90mulhnhdg2fvlpv",1,2,1,0,26,0.5,0,1,0,0,0,0,0,0,0,0,1,0,26,55,,26,55,0,3,3,0,0,1,0,,,,
2024,4,REG,00-0038562,SF,J.Moody,Jake Moody,K,SPEC,"https://static.www.nfl.com/image/upload/f_auto,q_auto/league/hu0y90mulhnhdg2fvlpv",3,3,0,0,41,1,0,2,0,1,0,0,0,0,0,0,0,0,22;26;41,,,89,0,0,3,3,0,0,1,0,,,,
2024,5,REG,00-0038562,SF,J.Moody,Jake Moody,K,SPEC,"https://static.www.nfl.com/image/upload/f_auto,q_auto/league/hu0y90mulhnhdg2fvlpv",2,2,0,0,28,1,0,2,0,0,0,0,0,0,0,0,0,0,28;20,,,48,0,0,2,2,0,0,1,0,,,,
2024,10,REG,00-0038562,SF,J.Moody,Jake Moody,K,SPEC,"https://static.www.nfl.com/image/upload/f_auto,q_auto/league/hu0y90mulhnhdg2fvlpv",3,6,3,0,44,0.5,0,1,1,1,0,0,0,0,0,2,1,0,28;33;44,49;50;44,,105,143,0,2,2,0,0,1,1,44,1,0,0
2024,11,REG,00-0038562,SF,J.Moody,Jake Moody,K,SPEC,"https://static.www.nfl.com/image/upload/f_auto,q_auto/league/hu0y90mulhnhdg2fvlpv",1,1,0,0,33,1,0,0,1,0,0,0,0,0,0,0,0,0,33,,,33,0,0,2,2,0,0,1,0,,,,
2024,12,REG,00-0038562,SF,J.Moody,Jake Moody,K,SPEC,"https://static.www.nfl.com/image/upload/f_auto,q_auto/league/hu0y90mulhnhdg2fvlpv",1,1,0,0,48,1,0,0,0,1,0,0,0,0,0,0,0,0,48,,,48,0,0,1,1,0,0,1,0,,,,
2024,5,REG,00-0038567,ARI,C.Ryland,Chad Ryland,K,SPEC,"https://static.www.nfl.com/image/upload/f_auto,q_auto/league/bmqbpd8n0xljhsng1y6n",3,4,0,1,42,0.75,0,0,2,1,0,0,0,0,0,0,0,0,30;42;35,,45,107,0,45,1,1,0,0,1,1,35,1,0,0
2024,6,REG,00-0038567,ARI,C.Ryland,Chad Ryland,K,SPEC,"https://static.www.nfl.com/image/upload/f_auto,q_auto/league/bmqbpd8n0xljhsng1y6n",2,2,0,0,40,1,0,0,1,1,0,0,0,0,0,0,0,0,38;40,,,78,0,0,1,1,0,0,1,0,,,,
2024,7,REG,00-0038567,ARI,C.Ryland,Chad Ryland,K,SPEC,"https://static.www.nfl.com/image/upload/f_auto,q_auto/league/bmqbpd8n0xljhsng1y6n",1,1,0,0,32,1,0,0,1,0,0,0,0,0,0,0,0,0,32,,,32,0,0,2,2,0,0,1,1,32,1,0,0
2024,8,REG,00-0038567,ARI,C.Ryland,Chad Ryland,K,SPEC,"https://static.www.nfl.com/image/upload/f_auto,q_auto/league/bmqbpd8n0xljhsng1y6n",2,2,0,0,57,1,0,0,1,0,1,0,0,0,0,0,0,0,57;34,,,91,0,0,2,2,0,0,1,1,34,1,0,0
2024,9,REG,00-0038567,ARI,C.Ryland,Chad Ryland,K,SPEC,"https://static.www.nfl.com/image/upload/f_auto,q_auto/league/bmqbpd8n0xljhsng1y6n",2,2,0,0,55,1,0,1,0,0,1,0,0,0,0,0,0,0,29;55,,,84,0,0,3,3,0,0,1,0,,,,
2024,10,REG,00-0038567,ARI,C.Ryland,Chad Ryland,K,SPEC,"https://static.www.nfl.com/image/upload/f_auto,q_auto/league/bmqbpd8n0xljhsng1y6n",1,1,0,0,37,1,0,0,1,0,0,0,0,0,0,0,0,0,37,,,37,0,0,4,4,0,0,1,0,,,,
2024,12,REG,00-0038567,ARI,C.Ryland,Chad Ryland,K,SPEC,"https://static.www.nfl.com/image/upload/f_auto,q_auto/league/bmqbpd8n0xljhsng1y6n",2,3,1,0,35,0.667,0,1,1,0,0,0,0,0,0,1,0,0,35;22,47,,57,47,0,,0,,,,0,,,,
2024,1,REG,00-0038905,NO,B.Grupe,Blake Grupe,K,SPEC,"https://static.www.nfl.com/image/upload/f_auto,q_auto/league/z2wtggrnylortw5cexgr",4,4,0,0,57,1,0,0,1,1,2,0,0,0,0,0,0,0,57;44;52;39,,,192,0,0,5,5,0,0,1,0,,,,
2024,2,REG,00-0038905,NO,B.Grupe,Blake Grupe,K,SPEC,"https://static.www.nfl.com/image/upload/f_auto,q_auto/league/z2wtggrnylortw5cexgr",1,1,0,0,26,1,0,1,0,0,0,0,0,0,0,0,0,0,26,,,26,0,0,5,6,0,1,0.833,0,,,,
2024,3,REG,00-0038905,NO,B.Grupe,Blake Grupe,K,SPEC,"https://static.www.nfl.com/image/upload/f_auto,q_auto/league/z2wtggrnylortw5cexgr",2,2,0,0,38,1,0,0,2,0,0,0,0,0,0,0,0,0,34;38,,,72,0,0,,0,,,,0,,,,
2024,4,REG,00-0038905,NO,B.Grupe,Blake Grupe,K,SPEC,"https://static.www.nfl.com/image/upload/f_auto,q_auto/league/z2wtggrnylortw5cexgr",1,1,0,0,43,1,0,0,0,1,0,0,0,0,0,0,0,0,43,,,43,0,0,3,3,0,0,1,0,,,,
2024,5,REG,00-0038905,NO,B.Grupe,Blake Grupe,K,SPEC,"https://static.www.nfl.com/image/upload/f_auto,q_auto/league/z2wtggrnylortw5cexgr",,0,,,,,,,,,,,,,,,,,,,,,,,1,2,1,0,0.5,0,,,,
2024,6,REG,00-0038905,NO,B.Grupe,Blake Grupe,K,SPEC,"https://static.www.nfl.com/image/upload/f_auto,q_auto/league/z2wtggrnylortw5cexgr",2,2,0,0,42,1,0,1,0,1,0,0,0,0,0,0,0,0,42;29,,,71,0,0,3,3,0,0,1,0,,,,
2024,7,REG,00-0038905,NO,B.Grupe,Blake Grupe,K,SPEC,"https://static.www.nfl.com/image/upload/f_auto,q_auto/league/z2wtggrnylortw5cexgr",1,1,0,0,35,1,0,0,1,0,0,0,0,0,0,0,0,0,35,,,35,0,0,1,1,0,0,1,0,,,,
2024,8,REG,00-0038905,NO,B.Grupe,Blake Grupe,K,SPEC,"https://static.www.nfl.com/image/upload/f_auto,q_auto/league/z2wtggrnylortw5cexgr",2,3,1,0,43,0.667,0,0,0,2,0,0,0,0,0,1,0,0,40;43,44,,83,44,0,,0,,,,0,,,,
2024,9,REG,00-0038905,NO,B.Grupe,Blake Grupe,K,SPEC,"https://static.www.nfl.com/image/upload/f_auto,q_auto/league/z2wtggrnylortw5cexgr",3,3,0,0,51,1,0,1,1,0,1,0,0,0,0,0,0,0,29;33;51,,,113,0,0,1,1,0,0,1,0,,,,
2024,10,REG,00-0038905,NO,B.Grupe,Blake Grupe,K,SPEC,"https://static.www.nfl.com/image/upload/f_auto,q_auto/league/z2wtggrnylortw5cexgr",2,2,0,0,38,1,0,1,1,0,0,0,0,0,0,0,0,0,38;26,,,64,0,0,2,2,0,0,1,0,,,,
2024,11,REG,00-0038905,NO,B.Grupe,Blake Grupe,K,SPEC,"https://static.www.nfl.com/image/upload/f_auto,q_auto/league/z2wtggrnylortw5cexgr",,0,,,,,,,,,,,,,,,,,,,,,,,5,5,0,0,1,0,,,,
2024,1,REG,00-0039172,DET,J.Bates,Jake Bates,K,SPEC,"https://static.www.nfl.com/image/upload/f_auto,q_auto/league/wwhwkfwt2t6ehdwrzofn",2,2,0,0,32,1,0,1,1,0,0,0,0,0,0,0,0,0,25;32,,,57,0,0,2,2,0,0,1,0,,,,
2024,2,REG,00-0039172,DET,J.Bates,Jake Bates,K,SPEC,"https://static.www.nfl.com/image/upload/f_auto,q_auto/league/wwhwkfwt2t6ehdwrzofn",3,3,0,0,35,1,0,1,2,0,0,0,0,0,0,0,0,0,22;35;32,,,89,0,0,1,1,0,0,1,0,,,,
2024,3,REG,00-0039172,DET,J.Bates,Jake Bates,K,SPEC,"https://static.www.nfl.com/image/upload/f_auto,q_auto/league/wwhwkfwt2t6ehdwrzofn",,0,,,,,,,,,,,,,,,,,,,,,,,2,3,1,0,0.667,0,,,,
2024,4,REG,00-0039172,DET,J.Bates,Jake Bates,K,SPEC,"https://static.www.nfl.com/image/upload/f_auto,q_auto/league/wwhwkfwt2t6ehdwrzofn",,0,,,,,,,,,,,,,,,,,,,,,,,6,6,0,0,1,0,,,,
2024,6,REG,00-0039172,DET,J.Bates,Jake Bates,K,SPEC,"https://static.www.nfl.com/image/upload/f_auto,q_auto/league/wwhwkfwt2t6ehdwrzofn",4,4,0,0,48,1,0,0,2,2,0,0,0,0,0,0,0,0,40;48;33;33,,,154,0,0,5,5,0,0,1,0,,,,
2024,7,REG,00-0039172,DET,J.Bates,Jake Bates,K,SPEC,"https://static.www.nfl.com/image/upload/f_auto,q_auto/league/wwhwkfwt2t6ehdwrzofn",1,1,0,0,44,1,0,0,0,1,0,0,0,0,0,0,0,0,44,,,44,0,0,4,4,0,0,1,1,44,1,0,0
2024,8,REG,00-0039172,DET,J.Bates,Jake Bates,K,SPEC,"https://static.www.nfl.com/image/upload/f_auto,q_auto/league/wwhwkfwt2t6ehdwrzofn",1,1,0,0,51,1,0,0,0,0,1,0,0,0,0,0,0,0,51,,,51,0,0,7,7,0,0,1,0,,,,
2024,9,REG,00-0039172,DET,J.Bates,Jake Bates,K,SPEC,"https://static.www.nfl.com/image/upload/f_auto,q_auto/league/wwhwkfwt2t6ehdwrzofn",1,1,0,0,27,1,0,1,0,0,0,0,0,0,0,0,0,0,27,,,27,0,0,3,3,0,0,1,0,,,,
2024,10,REG,00-0039172,DET,J.Bates,Jake Bates,K,SPEC,"https://static.www.nfl.com/image/upload/f_auto,q_auto/league/wwhwkfwt2t6ehdwrzofn",2,2,0,0,58,1,0,0,0,0,2,0,0,0,0,0,0,0,58;52,,,110,0,0,2,2,0,0,1,1,52,1,0,0
2024,11,REG,00-0039172,DET,J.Bates,Jake Bates,K,SPEC,"https://static.www.nfl.com/image/upload/f_auto,q_auto/league/wwhwkfwt2t6ehdwrzofn",1,1,0,0,54,1,0,0,0,0,1,0,0,0,0,0,0,0,54,,,54,0,0,7,7,0,0,1,0,,,,
2024,12,REG,00-0039172,DET,J.Bates,Jake Bates,K,SPEC,"https://static.www.nfl.com/image/upload/f_auto,q_auto/league/wwhwkfwt2t6ehdwrzofn",1,1,0,0,56,1,0,0,0,0,1,0,0,0,0,0,0,0,56,,,56,0,0,3,3,0,0,1,0,,,,
2024,1,REG,00-0039404,MIN,W.Reichard,Will Reichard,K,SPEC,"https://static.www.nfl.com/image/upload/f_auto,q_auto/league/gqze1hxxsmgeynkta5kt",,0,,,,,,,,,,,,,,,,,,,,,,,4,4,0,0,1,0,,,,
2024,2,REG,00-0039404,MIN,W.Reichard,Will Reichard,K,SPEC,"https://static.www.nfl.com/image/upload/f_auto,q_auto/league/gqze1hxxsmgeynkta5kt",3,3,0,0,39,1,0,2,1,0,0,0,0,0,0,0,0,0,22;39;27,,,88,0,0,2,2,0,0,1,0,,,,
2024,3,REG,00-0039404,MIN,W.Reichard,Will Reichard,K,SPEC,"https://static.www.nfl.com/image/upload/f_auto,q_auto/league/gqze1hxxsmgeynkta5kt",2,2,0,0,58,1,0,0,1,0,1,0,0,0,0,0,0,0,35;58,,,93,0,0,4,4,0,0,1,0,,,,
2024,4,REG,00-0039404,MIN,W.Reichard,Will Reichard,K,SPEC,"https://static.www.nfl.com/image/upload/f_auto,q_auto/league/gqze1hxxsmgeynkta5kt",1,1,0,0,33,1,0,0,1,0,0,0,0,0,0,0,0,0,33,,,33,0,0,4,4,0,0,1,0,,,,
2024,5,REG,00-0039404,MIN,W.Reichard,Will Reichard,K,SPEC,"https://static.www.nfl.com/image/upload/f_auto,q_auto/league/gqze1hxxsmgeynkta5kt",3,3,0,0,54,1,0,0,0,1,2,0,0,0,0,0,0,0,54;53;41,,,148,0,0,2,2,0,0,1,0,,,,
2024,7,REG,00-0039404,MIN,W.Reichard,Will Reichard,K,SPEC,"https://static.www.nfl.com/image/upload/f_auto,q_auto/league/gqze1hxxsmgeynkta5kt",3,3,0,0,57,1,0,0,0,2,1,0,0,0,0,0,0,0,57;42;48,,,147,0,0,2,2,0,0,1,0,,,,
2024,8,REG,00-0039404,MIN,W.Reichard,Will Reichard,K,SPEC,"https://static.www.nfl.com/image/upload/f_auto,q_auto/league/gqze1hxxsmgeynkta5kt",2,2,0,0,35,1,0,1,1,0,0,0,0,0,0,0,0,0,23;35,,,58,0,0,2,2,0,0,1,0,,,,
2024,9,REG,00-0039404,MIN,W.Reichard,Will Reichard,K,SPEC,"https://static.www.nfl.com/image/upload/f_auto,q_auto/league/gqze1hxxsmgeynkta5kt",0,2,2,0,,0,0,0,0,0,0,0,0,0,1,0,1,0,,53;31,,0,84,0,3,3,0,0,1,0,,,,
2024,1,REG,00-0039409,JAX,C.Little,Cam Little,K,SPEC,"https://static.www.nfl.com/image/upload/f_auto,q_auto/league/zcgjheykurjmfzwc5uyb",1,1,0,0,53,1,0,0,0,0,1,0,0,0,0,0,0,0,53,,,53,0,0,2,2,0,0,1,0,,,,
2024,2,REG,00-0039409,JAX,C.Little,Cam Little,K,SPEC,"https://static.www.nfl.com/image/upload/f_auto,q_auto/league/zcgjheykurjmfzwc5uyb",2,3,1,0,25,0.667,0,2,0,0,0,0,0,0,0,1,0,0,22;25,43,,47,43,0,1,1,0,0,1,0,,,,
2024,3,REG,00-0039409,JAX,C.Little,Cam Little,K,SPEC,"https://static.www.nfl.com/image/upload/f_auto,q_auto/league/zcgjheykurjmfzwc5uyb",1,1,0,0,41,1,0,0,0,1,0,0,0,0,0,0,0,0,41,,,41,0,0,1,1,0,0,1,0,,,,
2024,4,REG,00-0039409,JAX,C.Little,Cam Little,K,SPEC,"https://static.www.nfl.com/image/upload/f_auto,q_auto/league/zcgjheykurjmfzwc5uyb",2,2,0,0,52,1,0,0,0,1,1,0,0,0,0,0,0,0,41;52,,,93,0,0,2,2,0,0,1,0,,,,
2024,5,REG,00-0039409,JAX,C.Little,Cam Little,K,SPEC,"https://static.www.nfl.com/image/upload/f_auto,q_auto/league/zcgjheykurjmfzwc5uyb",3,3,0,0,49,1,0,1,1,1,0,0,0,0,0,0,0,0,23;30;49,,,102,0,0,4,4,0,0,1,1,49,1,0,0
2024,6,REG,00-0039409,JAX,C.Little,Cam Little,K,SPEC,"https://static.www.nfl.com/image/upload/f_auto,q_auto/league/zcgjheykurjmfzwc5uyb",1,1,0,0,30,1,0,0,1,0,0,0,0,0,0,0,0,0,30,,,30,0,0,1,1,0,0,1,0,,,,
2024,7,REG,00-0039409,JAX,C.Little,Cam Little,K,SPEC,"https://static.www.nfl.com/image/upload/f_auto,q_auto/league/zcgjheykurjmfzwc5uyb",1,1,0,0,21,1,0,1,0,0,0,0,0,0,0,0,0,0,21,,,21,0,0,3,3,0,0,1,0,,,,
2024,8,REG,00-0039409,JAX,C.Little,Cam Little,K,SPEC,"https://static.www.nfl.com/image/upload/f_auto,q_auto/league/zcgjheykurjmfzwc5uyb",2,2,0,0,47,1,0,0,1,1,0,0,0,0,0,0,0,0,39;47,,,86,0,0,3,3,0,0,1,0,,,,
2024,9,REG,00-0039409,JAX,C.Little,Cam Little,K,SPEC,"https://static.www.nfl.com/image/upload/f_auto,q_auto/league/zcgjheykurjmfzwc5uyb",,0,,,,,,,,,,,,,,,,,,,,,,,1,1,0,0,1,0,,,,
2024,10,REG,00-0039409,JAX,C.Little,Cam Little,K,SPEC,"https://static.www.nfl.com/image/upload/f_auto,q_auto/league/zcgjheykurjmfzwc5uyb",,0,,,,,,,,,,,,,,,,,,,,,,,1,1,0,0,1,0,,,,
2024,11,REG,00-0039409,JAX,C.Little,Cam Little,K,SPEC,"https://static.www.nfl.com/image/upload/f_auto,q_auto/league/zcgjheykurjmfzwc5uyb",2,2,0,0,59,1,0,0,1,0,1,0,0,0,0,0,0,0,59;35,,,94,0,0,,0,,,,0,,,,
2024,1,REG,00-0039576,IND,S.Shrader,Spencer Shrader,K,SPEC,"https://static.www.nfl.com/image/upload/f_auto,q_auto/league/upp3pqputetd0coa07ms",,0,,,,,,,,,,,,,,,,,,,,,,,3,3,0,0,1,0,,,,
2024,10,REG,00-0039576,NYJ,S.Shrader,Spencer Shrader,K,SPEC,"https://static.www.nfl.com/image/upload/f_auto,q_auto/league/upp3pqputetd0coa07ms",2,2,0,0,45,1,0,1,0,1,0,0,0,0,0,0,0,0,25;45,,,70,0,0,,0,,,,0,,,,
2024,11,REG,00-0039576,KC,S.Shrader,Spencer Shrader,K,SPEC,"https://static.www.nfl.com/image/upload/f_auto,q_auto/league/upp3pqputetd0coa07ms",,0,,,,,,,,,,,,,,,,,,,,,,,3,3,0,0,1,0,,,,
2024,12,REG,00-0039576,KC,S.Shrader,Spencer Shrader,K,SPEC,"https://static.www.nfl.com/image/upload/f_auto,q_auto/league/upp3pqputetd0coa07ms",3,3,0,0,41,1,0,1,1,1,0,0,0,0,0,0,0,0,25;41;31,,,97,0,0,3,3,0,0,1,1,31,1,0,0
2024,1,REG,00-0039649,GB,B.Narveson,Brayden Narveson,K,SPEC,"https://static.www.nfl.com/image/upload/f_auto,q_auto/league/pqzbcchxxgyks1wphxaq",3,4,1,0,31,0.75,0,2,1,0,0,0,0,0,0,1,0,0,31;23;26,43,,80,43,0,2,2,0,0,1,0,,,,
2024,2,REG,00-0039649,GB,B.Narveson,Brayden Narveson,K,SPEC,"https://static.www.nfl.com/image/upload/f_auto,q_auto/league/pqzbcchxxgyks1wphxaq",3,4,1,0,46,0.75,0,0,1,2,0,0,0,0,0,1,0,0,46;42;34,45,,122,45,0,1,1,0,0,1,0,,,,
2024,3,REG,00-0039649,GB,B.Narveson,Brayden Narveson,K,SPEC,"https://static.www.nfl.com/image/upload/f_auto,q_auto/league/pqzbcchxxgyks1wphxaq",3,3,0,0,47,1,0,2,0,1,0,0,0,0,0,0,0,0,21;26;47,,,94,0,0,3,3,0,0,1,0,,,,
2024,4,REG,00-0039649,GB,B.Narveson,Brayden Narveson,K,SPEC,"https://static.www.nfl.com/image/upload/f_auto,q_auto/league/pqzbcchxxgyks1wphxaq",0,2,2,0,,0,0,0,0,0,0,0,0,0,1,1,0,0,,37;49,,0,86,0,3,3,0,0,1,0,,,,
2024,5,REG,00-0039649,GB,B.Narveson,Brayden Narveson,K,SPEC,"https://static.www.nfl.com/image/upload/f_auto,q_auto/league/pqzbcchxxgyks1wphxaq",1,1,0,0,46,1,0,0,0,1,0,0,0,0,0,0,0,0,46,,,46,0,0,3,3,0,0,1,0,,,,
2024,6,REG,00-0039649,GB,B.Narveson,Brayden Narveson,K,SPEC,"https://static.www.nfl.com/image/upload/f_auto,q_auto/league/pqzbcchxxgyks1wphxaq",2,3,1,0,41,0.667,0,0,1,1,0,0,0,0,0,1,0,0,36;41,44,,77,44,0,4,4,0,0,1,0,,,,
2024,1,REG,00-0039750,LA,J.Karty,Joshua Karty,K,SPEC,"https://static.www.nfl.com/image/upload/f_auto,q_auto/league/jonvaqobynhlhjnxcato",2,2,0,0,41,1,0,1,0,1,0,0,0,0,0,0,0,0,41;26,,,67,0,0,2,2,0,0,1,0,,,,
2024,2,REG,00-0039750,LA,J.Karty,Joshua Karty,K,SPEC,"https://static.www.nfl.com/image/upload/f_auto,q_auto/league/jonvaqobynhlhjnxcato",1,1,0,0,29,1,0,1,0,0,0,0,0,0,0,0,0,0,29,,,29,0,0,1,1,0,0,1,0,,,,
2024,3,REG,00-0039750,LA,J.Karty,Joshua Karty,K,SPEC,"https://static.www.nfl.com/image/upload/f_auto,q_auto/league/jonvaqobynhlhjnxcato",2,2,0,0,37,1,0,0,2,0,0,0,0,0,0,0,0,0,33;37,,,70,0,0,3,3,0,0,1,1,37,1,0,0
2024,4,REG,00-0039750,LA,J.Karty,Joshua Karty,K,SPEC,"https://static.www.nfl.com/image/upload/f_auto,q_auto/league/jonvaqobynhlhjnxcato",4,5,1,0,52,0.8,0,1,1,1,1,0,0,0,0,1,0,0,46;37;25;52,43,,160,43,0,,0,,,,0,,,,
2024,5,REG,00-0039750,LA,J.Karty,Joshua Karty,K,SPEC,"https://static.www.nfl.com/image/upload/f_auto,q_auto/league/jonvaqobynhlhjnxcato",,0,,,,,,,,,,,,,,,,,,,,,,,1,2,0,1,0.5,0,,,,
2024,7,REG,00-0039750,LA,J.Karty,Joshua Karty,K,SPEC,"https://static.www.nfl.com/image/upload/f_auto,q_auto/league/jonvaqobynhlhjnxcato",0,1,1,0,,0,0,0,0,0,0,0,0,0,1,0,0,0,,35,,0,35,0,2,3,1,0,0.667,0,,,,
2024,8,REG,00-0039750,LA,J.Karty,Joshua Karty,K,SPEC,"https://static.www.nfl.com/image/upload/f_auto,q_auto/league/jonvaqobynhlhjnxcato",,0,,,,,,,,,,,,,,,,,,,,,,,4,4,0,0,1,0,,,,
2024,9,REG,00-0039750,LA,J.Karty,Joshua Karty,K,SPEC,"https://static.www.nfl.com/image/upload/f_auto,q_auto/league/jonvaqobynhlhjnxcato",2,2,0,0,38,1,0,1,1,0,0,0,0,0,0,0,0,0,38;21,,,59,0,0,2,2,0,0,1,0,,,,
2024,10,REG,00-0039750,LA,J.Karty,Joshua Karty,K,SPEC,"https://static.www.nfl.com/image/upload/f_auto,q_auto/league/jonvaqobynhlhjnxcato",5,6,1,0,55,0.833,0,1,2,0,2,0,0,0,0,0,1,0,34;55;53;22;31,57,,195,57,0,,0,,,,0,,,,
2024,11,REG,00-0039750,LA,J.Karty,Joshua Karty,K,SPEC,"https://static.www.nfl.com/image/upload/f_auto,q_auto/league/jonvaqobynhlhjnxcato",0,1,1,0,,0,0,0,0,0,0,0,0,1,0,0,0,0,,26,,0,26,0,4,4,0,0,1,0,,,,
2024,12,REG,00-0039750,LA,J.Karty,Joshua Karty,K,SPEC,"https://static.www.nfl.com/image/upload/f_auto,q_auto/league/jonvaqobynhlhjnxcato",0,1,1,0,,0,0,0,0,0,0,0,0,0,0,1,0,0,,47,,0,47,0,2,2,0,0,1,0,,,,
2024,9,REG,00-0039934,NYG,J.McAtamney,Jude McAtamney,K,SPEC,"https://static.www.nfl.com/image/upload/f_auto,q_auto/league/dnfozohrf4kvgfnuuyfr",1,1,0,0,31,1,0,0,1,0,0,0,0,0,0,0,0,0,31,,,31,0,0,1,1,0,0,1,0,,,,
